timestamp,target,MAE,RMSE,R2,train_rows,test_rows,model_path
20260427_0414,pm2_5,1.1163186106689083,1.8509117110281899,0.9450115094049701,408,73,models\xgb_pm2_5_20260427_0414.pkl
20260427_0414,pm10,4.035377962875948,6.5962592279780505,0.9240912173513408,408,73,models\xgb_pm10_20260427_0414.pkl
20260501_1058,pm2_5,0.9773044171035741,1.6895681441744443,0.9535711218048261,410,73,models/xgb_pm2_5_20260501_1058.pkl
20260501_1058,pm10,3.8496138992193467,6.209185892087418,0.9338903860989594,410,73,models/xgb_pm10_20260501_1058.pkl
20260502_0746,pm2_5,1.0433607722707714,1.7179329304237447,0.9520120837646887,411,73,models/xgb_pm2_5_20260502_0746.pkl
20260502_0746,pm10,4.304502685175278,6.8920580719624605,0.9227603270864452,411,73,models/xgb_pm10_20260502_0746.pkl
20260503_0803,pm2_5,1.1270608164585525,1.8695338905168282,0.9431738808869548,412,73,models/xgb_pm2_5_20260503_0803.pkl
20260503_0803,pm10,4.791760717824532,8.35346720758506,0.8863743500665882,412,73,models/xgb_pm10_20260503_0803.pkl
20260504_0831,pm2_5,1.0225506842045655,1.6835074707823692,0.9584227832301951,413,73,models/xgb_pm2_5_20260504_0831.pkl
20260504_0831,pm10,6.547159547384835,16.660919218013255,0.7331966488298416,413,73,models/xgb_pm10_20260504_0831.pkl
20260505_0812,pm2_5,1.1008366613416694,1.8503117125969497,0.9509785621934037,413,74,models/xgb_pm2_5_20260505_0812.pkl
20260505_0812,pm10,6.785465036569774,16.785028933246856,0.7458570244448401,413,74,models/xgb_pm10_20260505_0812.pkl
20260507_0836,pm2_5,1.174260043525123,1.911008529344417,0.9472785023756582,415,74,models/xgb_pm2_5_20260507_0836.pkl
20260507_0836,pm10,6.4408223143569,16.31780036440706,0.7598601048564311,415,74,models/xgb_pm10_20260507_0836.pkl
20260508_0744,pm2_5,1.1821100409682443,1.8747398346077822,0.9491698736756885,416,74,models/xgb_pm2_5_20260508_0744.pkl
20260508_0744,pm10,6.637653953391871,16.544817468572802,0.7546130481676865,416,74,models/xgb_pm10_20260508_0744.pkl
20260509_0758,pm2_5,1.2163005419321602,1.946573119410854,0.9452365277663641,417,74,models/xgb_pm2_5_20260509_0758.pkl
20260509_0758,pm10,6.482361760296981,16.285915909223505,0.7633850406428324,417,74,models/xgb_pm10_20260509_0758.pkl
20260510_0809,pm2_5,1.1602977978932603,1.8989583591607062,0.9481073111617686,418,74,models/xgb_pm2_5_20260510_0809.pkl
20260510_0809,pm10,6.512890848955953,16.68704689347691,0.750874260091122,418,74,models/xgb_pm10_20260510_0809.pkl
20260511_0942,pm2_5,1.1555029339260525,1.876490260212132,0.9494665059584266,419,74,models/xgb_pm2_5_20260511_0942.pkl
20260511_0942,pm10,6.305662730219845,15.993907299953444,0.7693199856963597,419,74,models/xgb_pm10_20260511_0942.pkl
20260512_0842,pm2_5,1.143637506555628,1.864190629471619,0.9494719219220018,419,75,models/xgb_pm2_5_20260512_0842.pkl
20260512_0842,pm10,6.232659597891351,15.887212821882292,0.7693117312458763,419,75,models/xgb_pm10_20260512_0842.pkl
20260513_0846,pm2_5,1.1697554976851852,1.7938539929785156,0.9533208165608394,420,75,models/xgb_pm2_5_20260513_0846.pkl
20260513_0846,pm10,6.3788964267306865,16.244239966873746,0.7579335181428797,420,75,models/xgb_pm10_20260513_0846.pkl
20260514_0839,pm2_5,1.281988490069354,1.9926920918945974,0.9441696721764784,421,75,models/xgb_pm2_5_20260514_0839.pkl
20260514_0839,pm10,6.968554041544598,17.554417338044047,0.7221380368422315,421,75,models/xgb_pm10_20260514_0839.pkl
20260515_0850,pm2_5,1.1929846745243777,1.894388254247004,0.9510076056698884,422,75,models/xgb_pm2_5_20260515_0850.pkl
20260515_0850,pm10,6.8514395904541034,17.18774126945187,0.7356589784052034,422,75,models/xgb_pm10_20260515_0850.pkl
20260516_0806,pm2_5,1.274769410309968,1.983290659786962,0.946552435227816,423,75,models/xgb_pm2_5_20260516_0806.pkl
20260516_0806,pm10,6.92636396959093,17.034425148613522,0.7399565610643797,423,75,models/xgb_pm10_20260516_0806.pkl
20260517_0823,pm2_5,1.3091434735898617,1.9889685168296813,0.9462460124652012,424,75,models/xgb_pm2_5_20260517_0823.pkl
20260517_0823,pm10,6.509548215512877,16.448220761517746,0.7572500333909913,424,75,models/xgb_pm10_20260517_0823.pkl
20260518_1006,pm2_5,1.3408033814606846,2.014331460602669,0.9449484973232726,425,75,models/xgb_pm2_5_20260518_1006.pkl
20260518_1006,pm10,6.294417254977757,16.052581175573994,0.7681645364919268,425,75,models/xgb_pm10_20260518_1006.pkl
20260519_0944,pm2_5,1.3265086168434188,2.0012481713541823,0.9452540465423256,425,76,models/xgb_pm2_5_20260519_0944.pkl
20260519_0944,pm10,6.230954309095417,15.947515359809074,0.7684548111976826,425,76,models/xgb_pm10_20260519_0944.pkl
20260520_0936,pm2_5,1.1941051937683285,1.9133954662818486,0.9491505213872897,426,76,models/xgb_pm2_5_20260520_0936.pkl
20260520_0936,pm10,6.842103674258407,17.122362627247337,0.7287187187236233,426,76,models/xgb_pm10_20260520_0936.pkl
20260521_0942,pm2_5,1.2577625980154115,1.9088356652952412,0.9494430043402309,427,76,models/xgb_pm2_5_20260521_0942.pkl
20260521_0942,pm10,6.445937109272385,16.730092673231916,0.7412976605582319,427,76,models/xgb_pm10_20260521_0942.pkl
20260522_0926,pm2_5,1.3058825504012972,1.9569758611238397,0.9480678327475213,428,76,models/xgb_pm2_5_20260522_0926.pkl
20260522_0926,pm10,6.95624794541744,17.47506437030332,0.7253534044621417,428,76,models/xgb_pm10_20260522_0926.pkl
20260523_0821,pm2_5,1.2929917823501498,1.9454834309000957,0.9498428227537165,429,76,models/xgb_pm2_5_20260523_0821.pkl
20260523_0821,pm10,6.003610754291915,16.60090973383577,0.7580443533929884,429,76,models/xgb_pm10_20260523_0821.pkl
20260524_0830,pm2_5,1.2411279748057762,2.051138193080037,0.9438689115243799,430,76,models/xgb_pm2_5_20260524_0830.pkl
20260524_0830,pm10,6.317619678430392,16.26694182433136,0.7692165581910241,430,76,models/xgb_pm10_20260524_0830.pkl
20260525_1008,pm2_5,1.2521197053433153,2.0516144388537993,0.9431072848934031,430,77,models/xgb_pm2_5_20260525_1008.pkl
20260525_1008,pm10,6.33460148402623,16.184312622723873,0.7685830811025838,430,77,models/xgb_pm10_20260525_1008.pkl
20260526_0958,pm2_5,1.2962246579697296,2.077999830878306,0.9416934212539622,431,77,models/xgb_pm2_5_20260526_0958.pkl
20260526_0958,pm10,6.485433477756782,16.440391429654664,0.7610314684833284,431,77,models/xgb_pm10_20260526_0958.pkl
20260527_0952,pm2_5,1.2175502812879597,1.9004491867478763,0.950506390080239,432,77,models/xgb_pm2_5_20260527_0952.pkl
20260527_0952,pm10,6.396264487702783,16.96917759374901,0.7448847548577917,432,77,models/xgb_pm10_20260527_0952.pkl
20260528_1004,pm2_5,1.138885115200995,1.8604873289798778,0.9494082889124911,433,77,models/xgb_pm2_5_20260528_1004.pkl
20260528_1004,pm10,5.884628351495038,15.777414034546805,0.774550794414161,433,77,models/xgb_pm10_20260528_1004.pkl
20260529_0959,pm2_5,1.2409345720409486,1.9215705872603543,0.9349585544567915,434,77,models/xgb_pm2_5_20260529_0959.pkl
20260529_0959,pm10,5.9598205098514105,17.305159571448588,0.7016217551644777,434,77,models/xgb_pm10_20260529_0959.pkl
20260530_0829,pm2_5,1.2087515623194487,1.866102209010768,0.9380577994427759,435,77,models/xgb_pm2_5_20260530_0829.pkl
20260530_0829,pm10,7.157009204022297,18.518380078114653,0.6579841091443173,435,77,models/xgb_pm10_20260530_0829.pkl
20260531_0847,pm2_5,1.103313064024734,1.842930938317164,0.9395274316667677,436,77,models/xgb_pm2_5_20260531_0847.pkl
20260531_0847,pm10,6.828638300820001,18.350314852110174,0.6654833013064605,436,77,models/xgb_pm10_20260531_0847.pkl
20260601_1136,pm2_5,1.0936021391822404,1.8314978874759618,0.9395462023121187,436,78,models/xgb_pm2_5_20260601_1136.pkl
20260601_1136,pm10,6.7427458879954445,18.23231102591971,0.665909270858311,436,78,models/xgb_pm10_20260601_1136.pkl
20260602_1025,pm2_5,1.1421202222166575,1.8087483554364217,0.9409192094068632,437,78,models/xgb_pm2_5_20260602_1025.pkl
20260602_1025,pm10,6.935092327737402,18.09746230089933,0.6708473456832393,437,78,models/xgb_pm10_20260602_1025.pkl
20260603_1101,pm2_5,1.1453493349232906,1.7858156901493953,0.9419280569393385,438,78,models/xgb_pm2_5_20260603_1101.pkl
20260603_1101,pm10,6.98499129803432,18.18943462869257,0.6660081141936469,438,78,models/xgb_pm10_20260603_1101.pkl
20260604_0957,pm2_5,1.0861225261307847,1.8064179808197207,0.9408456040630098,439,78,models/xgb_pm2_5_20260604_0957.pkl
20260604_0957,pm10,6.945688415049147,18.276513441500157,0.6619621341428692,439,78,models/xgb_pm10_20260604_0957.pkl
20260605_0952,pm2_5,1.1245367990260107,1.839402886064519,0.9386622154728028,440,78,models/xgb_pm2_5_20260605_0952.pkl
20260605_0952,pm10,6.703513533437353,18.17828896589617,0.6664570891187542,440,78,models/xgb_pm10_20260605_0952.pkl
20260606_0835,pm2_5,1.1539260231191957,1.8344964316899937,0.9383353689613254,441,78,models/xgb_pm2_5_20260606_0835.pkl
20260606_0835,pm10,6.572290172739926,18.105579509682386,0.6682097552576707,441,78,models/xgb_pm10_20260606_0835.pkl
20260607_0857,pm2_5,1.107779115149778,1.7739485453786552,0.9423532753449196,442,78,models/xgb_pm2_5_20260607_0857.pkl
20260607_0857,pm10,6.716609551628092,18.429442717644665,0.6555518449670654,442,78,models/xgb_pm10_20260607_0857.pkl
20260608_1057,pm2_5,1.094720357849293,1.7627060803677457,0.9424391390861445,442,79,models/xgb_pm2_5_20260608_1057.pkl
20260608_1057,pm10,6.652915698130591,18.31341022362537,0.6558103913617203,442,79,models/xgb_pm10_20260608_1057.pkl
20260609_0945,pm2_5,1.152778649900198,1.874697831023998,0.9351382346943758,443,79,models/xgb_pm2_5_20260609_0945.pkl
20260609_0945,pm10,6.92030540605805,18.253005054846366,0.6568463127422278,443,79,models/xgb_pm10_20260609_0945.pkl
20260610_1002,pm2_5,1.0759691265229603,1.8082189292780404,0.9386003596346801,444,79,models/xgb_pm2_5_20260610_1002.pkl
20260610_1002,pm10,6.488634356835386,17.911473621876596,0.6639695634612676,444,79,models/xgb_pm10_20260610_1002.pkl
20260612_1015,pm2_5,1.0579215362269832,1.8767770787630749,0.9332628771255136,446,79,models/xgb_pm2_5_20260612_1015.pkl
20260612_1015,pm10,6.3112008090763645,17.060315586308153,0.6950545806926312,446,79,models/xgb_pm10_20260612_1015.pkl
20260613_0918,pm2_5,1.0336214937405912,1.8099403203504696,0.9381936949169514,447,79,models/xgb_pm2_5_20260613_0918.pkl
20260613_0918,pm10,6.198100421867961,17.322267400646428,0.6845682795936539,447,79,models/xgb_pm10_20260613_0918.pkl
20260614_0936,pm2_5,1.0407713662253486,1.8075287712712553,0.9388647811894002,447,80,models/xgb_pm2_5_20260614_0936.pkl
20260614_0936,pm10,6.181054713990954,17.222146618103213,0.6866459730326449,447,80,models/xgb_pm10_20260614_0936.pkl
20260615_1216,pm2_5,1.0983065989282395,1.809996113403415,0.9380045338939669,448,80,models/xgb_pm2_5_20260615_1216.pkl
20260615_1216,pm10,5.861565729247199,16.871372845726867,0.6953192112952262,448,80,models/xgb_pm10_20260615_1216.pkl
20260616_1112,pm2_5,0.9475466945436267,1.6362832737686033,0.9462362222201046,449,80,models/xgb_pm2_5_20260616_1112.pkl
20260616_1112,pm10,5.885008104112413,16.933971218161275,0.6873214614378869,449,80,models/xgb_pm10_20260616_1112.pkl
20260617_1058,pm2_5,0.9122159738010833,1.4195478408065985,0.9592675084686174,450,80,models/xgb_pm2_5_20260617_1058.pkl
20260617_1058,pm10,6.185504550404019,17.130489415461653,0.6799801213376531,450,80,models/xgb_pm10_20260617_1058.pkl
20260618_1022,pm2_5,0.9153377543555367,1.4129543722586666,0.9594299346107273,451,80,models/xgb_pm2_5_20260618_1022.pkl
20260618_1022,pm10,6.189133341577319,16.966230803449857,0.6849849861886904,451,80,models/xgb_pm10_20260618_1022.pkl
20260619_1027,pm2_5,0.9054456777042812,1.398453119869846,0.9602828471326413,452,80,models/xgb_pm2_5_20260619_1027.pkl
20260619_1027,pm10,6.384432251718309,17.105526749767996,0.6793066930835346,452,80,models/xgb_pm10_20260619_1027.pkl
20260620_0858,pm2_5,0.9519849962658352,1.4592534474428311,0.9566869529850868,453,80,models/xgb_pm2_5_20260620_0858.pkl
20260620_0858,pm10,6.124647707939148,16.861551543432732,0.6866480559767201,453,80,models/xgb_pm10_20260620_0858.pkl
20260621_0952,pm2_5,0.9436054554168744,1.4505354958523302,0.9570631489868808,453,81,models/xgb_pm2_5_20260621_0952.pkl
20260621_0952,pm10,6.063656426260991,16.75766135098154,0.6874785332140684,453,81,models/xgb_pm10_20260621_0952.pkl
20260622_1156,pm2_5,0.9075768281075853,1.4096733179231646,0.9594728449122188,454,81,models/xgb_pm2_5_20260622_1156.pkl
20260622_1156,pm10,6.086030091964659,16.889747687089258,0.6828135271914433,454,81,models/xgb_pm10_20260622_1156.pkl
20260623_0940,pm2_5,0.8371030535390508,1.3210054911278752,0.963641848765003,455,81,models/xgb_pm2_5_20260623_0940.pkl
20260623_0940,pm10,5.824813778410233,16.992288961897017,0.6738073485414329,455,81,models/xgb_pm10_20260623_0940.pkl
20260624_0931,pm2_5,0.8799644786798088,1.3565393304032654,0.9610201375901348,456,81,models/xgb_pm2_5_20260624_0931.pkl
20260624_0931,pm10,6.194152305613493,17.336394454522637,0.655409956532842,456,81,models/xgb_pm10_20260624_0931.pkl
20260625_0923,pm2_5,0.8657986796605407,1.3789056412248004,0.9598029037828683,457,81,models/xgb_pm2_5_20260625_0923.pkl
20260625_0923,pm10,5.918832604679061,16.910393627553532,0.668943073449733,457,81,models/xgb_pm10_20260625_0923.pkl
20260626_0928,pm2_5,0.8516188518173574,1.380790306225024,0.9597423720192554,458,81,models/xgb_pm2_5_20260626_0928.pkl
20260626_0928,pm10,6.032583515601558,16.87901280460775,0.6700417793900397,458,81,models/xgb_pm10_20260626_0928.pkl
20260627_0837,pm2_5,0.875331994306567,1.4106450918542692,0.9583616026111398,459,81,models/xgb_pm2_5_20260627_0837.pkl
20260627_0837,pm10,5.7367644724695435,16.49949769871643,0.6859294771670322,459,81,models/xgb_pm10_20260627_0837.pkl
20260628_0853,pm2_5,0.8719592236567967,1.4035755945820567,0.9583922209688943,459,82,models/xgb_pm2_5_20260628_0853.pkl
20260628_0853,pm10,5.693107675795309,16.400312168927698,0.6864817465379722,459,82,models/xgb_pm10_20260628_0853.pkl
20260629_1101,pm2_5,0.8375643197760027,1.3662489222647325,0.9603122961651346,460,82,models/xgb_pm2_5_20260629_1101.pkl
20260629_1101,pm10,5.773427140357372,16.769779751083416,0.6728162118692864,460,82,models/xgb_pm10_20260629_1101.pkl
20260630_0937,pm2_5,0.7142517929800807,1.1347395317206126,0.9706297169100568,461,82,models/xgb_pm2_5_20260630_0937.pkl
20260630_0937,pm10,5.6135635262259305,16.644500477341833,0.6760922636661124,461,82,models/xgb_pm10_20260630_0937.pkl
20260701_0948,pm2_5,0.6875877090908974,1.1427838221773159,0.9699055584371944,462,82,models/xgb_pm2_5_20260701_0948.pkl
20260701_0948,pm10,5.729165746590633,16.996449497757354,0.6631812676255404,462,82,models/xgb_pm10_20260701_0948.pkl
20260702_0858,pm2_5,0.6915610781206997,1.1032105402756636,0.9701423512232377,463,82,models/xgb_pm2_5_20260702_0858.pkl
20260702_0858,pm10,6.1942656230151165,17.44949287742193,0.634702471337437,463,82,models/xgb_pm10_20260702_0858.pkl
20260703_0919,pm2_5,0.6824438826501533,1.0403893240096547,0.9718494910653033,464,82,models/xgb_pm2_5_20260703_0919.pkl
20260703_0919,pm10,6.572231962622666,17.78621664610968,0.6032227864885799,464,82,models/xgb_pm10_20260703_0919.pkl
20260704_0838,pm2_5,0.6792327408490572,1.0351101695674307,0.9719970474791225,464,83,models/xgb_pm2_5_20260704_0838.pkl
20260704_0838,pm10,6.557023424508581,17.688351111012356,0.6049351098131048,464,83,models/xgb_pm10_20260704_0838.pkl
20260705_0854,pm2_5,0.6657674608141229,1.0482817867050664,0.9715534908768177,465,83,models/xgb_pm2_5_20260705_0854.pkl
20260705_0854,pm10,4.966104731119301,15.481031600649851,0.7000242351984642,465,83,models/xgb_pm10_20260705_0854.pkl
20260706_1023,pm2_5,0.6678309401035951,1.0269208876958642,0.9729626594854066,466,83,models/xgb_pm2_5_20260706_1023.pkl
20260706_1023,pm10,4.96051267243453,15.2489228765047,0.7014369291024498,466,83,models/xgb_pm10_20260706_1023.pkl
20260707_0942,pm2_5,0.6937476034304865,1.063185002744813,0.9707804508918976,467,83,models/xgb_pm2_5_20260707_0942.pkl
20260707_0942,pm10,4.691704366293297,14.764499476876196,0.7198161141218802,467,83,models/xgb_pm10_20260707_0942.pkl
20260708_0829,pm2_5,0.7312164837736363,1.142023430196337,0.9661498744682528,468,83,models/xgb_pm2_5_20260708_0829.pkl
20260708_0829,pm10,4.528580528473758,14.822773468582977,0.7143270158629325,468,83,models/xgb_pm10_20260708_0829.pkl
20260709_0946,pm2_5,0.7209063007809237,1.214768171530244,0.9616952690749629,469,83,models/xgb_pm2_5_20260709_0946.pkl
20260709_0946,pm10,4.742389914884147,15.313551979055065,0.694428953377983,469,83,models/xgb_pm10_20260709_0946.pkl
20260710_0936,pm2_5,0.6690737508546559,1.0602459749645108,0.9708545255340512,470,83,models/xgb_pm2_5_20260710_0936.pkl
20260710_0936,pm10,4.746121789301575,14.88548163295935,0.7111941624317265,470,83,models/xgb_pm10_20260710_0936.pkl
20260711_0756,pm2_5,0.6673412317952154,1.0554630171006354,0.9708462644315758,470,84,models/xgb_pm2_5_20260711_0756.pkl
20260711_0756,pm10,4.689980029050635,14.796612658867383,0.711646301263472,470,84,models/xgb_pm10_20260711_0756.pkl
20260712_0819,pm2_5,0.6513027148271998,1.144707589828873,0.9656353508520732,471,84,models/xgb_pm2_5_20260712_0819.pkl
20260712_0819,pm10,4.658746920691597,14.691094874031522,0.7142307848065,471,84,models/xgb_pm10_20260712_0819.pkl
20260713_0928,pm2_5,0.6554360536040456,1.0787186448918658,0.9696278310931098,472,84,models/xgb_pm2_5_20260713_0928.pkl
20260713_0928,pm10,3.713319594771775,13.21326278596815,0.7685577547398983,472,84,models/xgb_pm10_20260713_0928.pkl
20260714_0806,pm2_5,0.7243753307080146,1.1329558680534424,0.9665091020321154,473,84,models/xgb_pm2_5_20260714_0806.pkl
20260714_0806,pm10,3.8187900694589767,13.379390342108172,0.7623233803036978,473,84,models/xgb_pm10_20260714_0806.pkl
20260715_0811,pm2_5,0.6667513547120274,1.077630226342453,0.9692167630648055,474,84,models/xgb_pm2_5_20260715_0811.pkl
20260715_0811,pm10,3.879545439866485,14.02838962546929,0.7356188814968174,474,84,models/xgb_pm10_20260715_0811.pkl
20260716_0814,pm2_5,0.6271271897371486,0.9853063362437081,0.9738432947406543,475,84,models/xgb_pm2_5_20260716_0814.pkl
20260716_0814,pm10,3.759528294316045,13.201105517576208,0.7621361463481646,475,84,models/xgb_pm10_20260716_0814.pkl
20260717_0810,pm2_5,0.598781943951965,1.0295287201514904,0.9713252940502173,476,84,models/xgb_pm2_5_20260717_0810.pkl
20260717_0810,pm10,3.549008866971133,13.458561488759937,0.7509523915766758,476,84,models/xgb_pm10_20260717_0810.pkl
20260718_0751,pm2_5,0.6016751677070568,1.0275476033396145,0.9717297615996451,476,85,models/xgb_pm2_5_20260718_0751.pkl
20260718_0751,pm10,3.522539329778136,13.379901236456561,0.7537357066321698,476,85,models/xgb_pm10_20260718_0751.pkl
20260719_0820,pm2_5,0.5704137602662733,0.9956374399237781,0.9735985795349681,477,85,models/xgb_pm2_5_20260719_0820.pkl
20260719_0820,pm10,3.8620421036863637,13.342324197858055,0.7553648521532658,477,85,models/xgb_pm10_20260719_0820.pkl
20260720_0859,pm2_5,0.6117780533335568,0.9842620623433896,0.974295174846724,478,85,models/xgb_pm2_5_20260720_0859.pkl
20260720_0859,pm10,3.5771917694690187,12.930469575400018,0.7708081404526017,478,85,models/xgb_pm10_20260720_0859.pkl
20260721_0829,pm2_5,0.6620140180400772,1.0130489165341052,0.9728686723801336,479,85,models/xgb_pm2_5_20260721_0829.pkl
20260721_0829,pm10,3.683589320463293,13.175098124510503,0.763036606839205,479,85,models/xgb_pm10_20260721_0829.pkl
20260722_0830,pm2_5,0.6368095846737135,1.0420292779229718,0.9711437189458616,480,85,models/xgb_pm2_5_20260722_0830.pkl
20260722_0830,pm10,4.001491702709322,13.615208234704042,0.7469420323421704,480,85,models/xgb_pm10_20260722_0830.pkl
20260723_0831,pm2_5,0.6092379214716894,0.9755899927774178,0.9731671853323625,481,85,models/xgb_pm2_5_20260723_0831.pkl
20260723_0831,pm10,3.7789029544007535,13.471164162539514,0.7508106859671078,481,85,models/xgb_pm10_20260723_0831.pkl
20260724_0828,pm2_5,0.6071658873742866,0.9710144775887656,0.9732634322117004,481,86,models/xgb_pm2_5_20260724_0828.pkl
20260724_0828,pm10,3.761420731951099,13.39486191886173,0.7513943910484793,481,86,models/xgb_pm10_20260724_0828.pkl
20260725_0807,pm2_5,0.5913928682489915,0.9357911325718398,0.975162244368124,482,86,models/xgb_pm2_5_20260725_0807.pkl
20260725_0807,pm10,3.7825502410415535,13.642541943233692,0.7421353178749901,482,86,models/xgb_pm10_20260725_0807.pkl
20260726_0827,pm2_5,0.6152861853902655,0.9844931406509152,0.972495700259153,483,86,models/xgb_pm2_5_20260726_0827.pkl
20260726_0827,pm10,3.7739273662715003,13.464734078729446,0.7484116051306018,483,86,models/xgb_pm10_20260726_0827.pkl
20260727_0953,pm2_5,0.6349218930384913,1.0356043438467009,0.9690700807677772,484,86,models/xgb_pm2_5_20260727_0953.pkl
20260727_0953,pm10,3.76917396220126,13.170482035475608,0.7544692802511199,484,86,models/xgb_pm10_20260727_0953.pkl
20260728_0835,pm2_5,0.5774022996887682,0.9261486274672509,0.9753245251641697,485,86,models/xgb_pm2_5_20260728_0835.pkl
20260728_0835,pm10,3.514259848483774,13.10635560528783,0.7565109020431855,485,86,models/xgb_pm10_20260728_0835.pkl
20260729_0841,pm2_5,0.578018939587497,0.9371452028664514,0.9682883391846925,486,86,models/xgb_pm2_5_20260729_0841.pkl
20260729_0841,pm10,2.2376758590225103,3.7536529055088637,0.9591705165151172,486,86,models/xgb_pm10_20260729_0841.pkl
20260730_0827,pm2_5,0.46581360572992386,0.6576805490378738,0.9822947103328203,487,86,models/xgb_pm2_5_20260730_0827.pkl
20260730_0827,pm10,2.110176470852637,3.6790083595157212,0.949995095512874,487,86,models/xgb_pm10_20260730_0827.pkl
20260731_0850,pm2_5,0.4648884594212092,0.655193527832687,0.9825043165322926,487,87,models/xgb_pm2_5_20260731_0850.pkl
20260731_0850,pm10,2.1199567772876255,3.671553760904145,0.9499874861302905,487,87,models/xgb_pm10_20260731_0850.pkl
20260801_0821,pm2_5,0.5202150542160563,0.7156528643525433,0.9789601635112752,488,87,models/xgb_pm2_5_20260801_0821.pkl
20260801_0821,pm10,1.877084318431401,3.550418883874866,0.952997802586163,488,87,models/xgb_pm10_20260801_0821.pkl
20260802_0825,pm2_5,0.44858959972630086,0.659584169095991,0.9820620924723088,489,87,models/xgb_pm2_5_20260802_0825.pkl
20260802_0825,pm10,2.2045499531245314,3.6882601327104756,0.9488974289252895,489,87,models/xgb_pm10_20260802_0825.pkl
20260803_0946,pm2_5,0.46958090975823585,0.6876704580649186,0.9804219192328859,490,87,models/xgb_pm2_5_20260803_0946.pkl
20260803_0946,pm10,1.952919092580276,3.630208739821872,0.9498616396478161,490,87,models/xgb_pm10_20260803_0946.pkl
20260804_0837,pm2_5,0.5928483056839399,0.8029970197931535,0.9732259981361012,491,87,models/xgb_pm2_5_20260804_0837.pkl
20260804_0837,pm10,2.0204645339556575,3.5095793722349997,0.9525580048300186,491,87,models/xgb_pm10_20260804_0837.pkl
20260805_0836,pm2_5,0.5328357901152981,0.8012946747354874,0.9732370676230664,492,87,models/xgb_pm2_5_20260805_0836.pkl
20260805_0836,pm10,2.140319900220381,3.5832960691446982,0.9501734154611574,492,87,models/xgb_pm10_20260805_0836.pkl
20260806_0836,pm2_5,0.4691092231721255,0.7134755395555418,0.9787367122379216,493,87,models/xgb_pm2_5_20260806_0836.pkl
20260806_0836,pm10,2.0445248088617434,3.635922773805017,0.9483616294561175,493,87,models/xgb_pm10_20260806_0836.pkl
20260807_0716,pm2_5,0.4776753122156315,0.7212888146343728,0.97810675367822,493,88,models/xgb_pm2_5_20260807_0716.pkl
20260807_0716,pm10,2.0213557199998338,3.615205146560805,0.9487536119210173,493,88,models/xgb_pm10_20260807_0716.pkl
20260808_0653,pm2_5,0.4904791015567202,0.717207654664324,0.9783499753222011,494,88,models/xgb_pm2_5_20260808_0653.pkl
20260808_0653,pm10,1.9958959073731386,3.4442821366498713,0.9534827294414946,494,88,models/xgb_pm10_20260808_0653.pkl
20260809_0657,pm2_5,0.5042309869419445,0.7233632174181146,0.9779701046939341,495,88,models/xgb_pm2_5_20260809_0657.pkl
20260809_0657,pm10,2.080118192325939,3.540152333129016,0.9508153433733474,495,88,models/xgb_pm10_20260809_0657.pkl
20260810_0742,pm2_5,0.4874408201737838,0.7215163484516792,0.9769750236578274,496,88,models/xgb_pm2_5_20260810_0742.pkl
20260810_0742,pm10,1.9566600496118716,3.2997816518749037,0.9549274625281123,496,88,models/xgb_pm10_20260810_0742.pkl
20260811_0708,pm2_5,0.6110348398035221,0.8390309729352945,0.9669670398722925,497,88,models/xgb_pm2_5_20260811_0708.pkl
20260811_0708,pm10,2.032064634380919,3.5735218241861872,0.9450918833997957,497,88,models/xgb_pm10_20260811_0708.pkl
20260812_0725,pm2_5,0.4785926544305051,0.7760453557229486,0.9714660227651369,498,88,models/xgb_pm2_5_20260812_0725.pkl
20260812_0725,pm10,2.110801862947868,3.5561471180795623,0.9459400089883189,498,88,models/xgb_pm10_20260812_0725.pkl
20260813_0727,pm2_5,0.47530080816718984,0.7719240287710311,0.9715378041306426,498,89,models/xgb_pm2_5_20260813_0727.pkl
20260813_0727,pm10,2.0879161206077543,3.5361210200894084,0.946354182655797,498,89,models/xgb_pm10_20260813_0727.pkl
20260814_0724,pm2_5,0.4842962622196041,0.7205099803139724,0.9751913335962853,499,89,models/xgb_pm2_5_20260814_0724.pkl
20260814_0724,pm10,2.0512268866492565,3.6684455504321036,0.9425208321107154,499,89,models/xgb_pm10_20260814_0724.pkl
20260815_0638,pm2_5,0.4714180249846385,0.7090900803624971,0.9760382356701334,500,89,models/xgb_pm2_5_20260815_0638.pkl
20260815_0638,pm10,1.942922323562679,3.4453130370360228,0.9497514319139242,500,89,models/xgb_pm10_20260815_0638.pkl
20260816_0640,pm2_5,0.4767423865500462,0.7333358259813799,0.9742002345180529,501,89,models/xgb_pm2_5_20260816_0640.pkl
20260816_0640,pm10,1.9004171021422192,3.328303370477467,0.9531192535646392,501,89,models/xgb_pm10_20260816_0640.pkl
20260817_0655,pm2_5,0.4865848941302928,0.7361792499554127,0.9741950773818895,502,89,models/xgb_pm2_5_20260817_0655.pkl
20260817_0655,pm10,2.0033514801482584,3.4870558182049374,0.9489545244856197,502,89,models/xgb_pm10_20260817_0655.pkl
20260818_0643,pm2_5,0.4843810320793466,0.7294845099786814,0.9748763254141422,503,89,models/xgb_pm2_5_20260818_0643.pkl
20260818_0643,pm10,1.933041783307822,3.3673507462066086,0.9529312351654846,503,89,models/xgb_pm10_20260818_0643.pkl
20260819_0643,pm2_5,0.456239125255342,0.6457217730973246,0.9781581041732639,504,89,models/xgb_pm2_5_20260819_0643.pkl
20260819_0643,pm10,1.9242701869778864,3.5753722019045866,0.9392530314460309,504,89,models/xgb_pm10_20260819_0643.pkl
20260820_0645,pm2_5,0.45711769104003924,0.6445988845755319,0.9787312016568016,504,90,models/xgb_pm2_5_20260820_0645.pkl
20260820_0645,pm10,1.905089769716616,3.555514816506026,0.9407507533654708,504,90,models/xgb_pm10_20260820_0645.pkl
20260821_0647,pm2_5,0.5245694534866898,0.7124771436848109,0.9691479436751402,505,90,models/xgb_pm2_5_20260821_0647.pkl
20260821_0647,pm10,1.6533293731124314,3.337004685272029,0.940496183654731,505,90,models/xgb_pm10_20260821_0647.pkl
20260822_0640,pm2_5,0.4433746811195658,0.6278932575890375,0.9741240712957578,506,90,models/xgb_pm2_5_20260822_0640.pkl
20260822_0640,pm10,1.613775504783348,2.6552840300366225,0.9602974083074346,506,90,models/xgb_pm10_20260822_0640.pkl
20260823_0640,pm2_5,0.4239317809210885,0.5622106386612244,0.9791145729722048,507,90,models/xgb_pm2_5_20260823_0640.pkl
20260823_0640,pm10,1.573422327394839,2.875683595086867,0.9531965310461123,507,90,models/xgb_pm10_20260823_0640.pkl
20260824_0658,pm2_5,0.4460731033042623,0.6086871408330614,0.9757323581627587,508,90,models/xgb_pm2_5_20260824_0658.pkl
20260824_0658,pm10,1.5548631060564957,2.737624773468864,0.9585172286242727,508,90,models/xgb_pm10_20260824_0658.pkl
20260825_0647,pm2_5,0.41018693358809843,0.5720892363185601,0.9790053479518473,509,90,models/xgb_pm2_5_20260825_0647.pkl
20260825_0647,pm10,1.5108027027271416,2.5401397976516336,0.9655197809848362,509,90,models/xgb_pm10_20260825_0647.pkl
20260826_0650,pm2_5,0.40310202704535597,0.5820041096433237,0.9790804721407596,510,90,models/xgb_pm2_5_20260826_0650.pkl
20260826_0650,pm10,1.5960038248697912,2.9363110194239304,0.9551683557234691,510,90,models/xgb_pm10_20260826_0650.pkl
20260827_1724,pm2_5,0.4218412364358868,0.6195604160259776,0.9760310653547319,510,91,models/xgb_pm2_5_20260827_1724.pkl
20260827_1724,pm10,1.5867858551360745,2.921211401035865,0.955153851130966,510,91,models/xgb_pm10_20260827_1724.pkl
20260828_1817,pm2_5,0.40352936978741877,0.5641892488906315,0.9805484268597077,511,91,models/xgb_pm2_5_20260828_1817.pkl
20260828_1817,pm10,1.5028494223570212,2.5074860622172768,0.9675516948508807,511,91,models/xgb_pm10_20260828_1817.pkl
20260829_1225,pm2_5,0.43504059829991404,0.6012402911968874,0.9783814954614324,512,91,models/xgb_pm2_5_20260829_1225.pkl
20260829_1225,pm10,1.4228982513204163,2.501586007488582,0.968179494029238,512,91,models/xgb_pm10_20260829_1225.pkl
20260830_1124,pm2_5,0.4400474443540468,0.6142827117587419,0.9782102600313837,513,91,models/xgb_pm2_5_20260830_1124.pkl
20260830_1124,pm10,1.54611945379348,2.4414490792689945,0.970294128293654,513,91,models/xgb_pm10_20260830_1124.pkl
20260831_1253,pm2_5,0.44382009331559985,0.628659494832701,0.9783920288113607,514,91,models/xgb_pm2_5_20260831_1253.pkl
20260831_1253,pm10,1.7043775914789554,3.3313322339891362,0.9469709181546389,514,91,models/xgb_pm10_20260831_1253.pkl
