carbon_monoxide,nitrogen_dioxide,sulphur_dioxide,temperature_2m,dew_point_2m,surface_pressure,wind_speed_10m,wind_direction_10m,precipitation,cloud_cover,relative_humidity_2m,aqicn_AQI_high_missing,aqicn_PM2.5_high_missing,aqicn_PM10_high_missing,aqicn_NO2_high_missing,aqicn_CO_high_missing,aqicn_SO2_high_missing,aqicn_O3_high_missing,PM25_lag1,PM10_lag1,AQI_lag1,PM25_lag2,PM10_lag2,AQI_lag2,PM25_lag3,PM10_lag3,AQI_lag3,AQI_roll7,AQI_roll30,PM25_roll7,PM10_roll7,month,day_of_week,is_weekend,day_of_year,season,AQI_change,PM25_change,PM10_change
-0.22765936783381843,-0.008288279942103063,-0.21082986150469069,-0.032384207589285854,0.01542606966836121,-0.05388517243521562,0.058452945436750677,0.0077109098434452305,0.015691516739980926,-0.003585788181849736,-0.005386125700814505,0.0,0.0,0.0,0.0,0.0,0.0,0.0,2.2180189323425297,0.0646147775650017,0.0,0.0025725930077685278,0.06996009554181779,0.0,-0.06997212478092736,0.03018253394535567,0.0,0.0,0.0,0.0197416979925976,0.02458227906908331,-0.001988773345947032,0.004143780980791537,0.0,-0.004610373633249105,-0.01781672613961303,0.0,0.35821647916521343,-0.032570648193358816
-0.4435654497146602,-0.007934554644992582,-0.6795591122763499,-0.05908623150416784,0.020131803240094875,-0.08725819860185904,0.047780175890242305,-0.03122045516967756,0.014350082533700308,-0.0007474381583086094,0.00012600762503492798,0.0,0.0,0.0,0.0,0.0,0.0,0.0,5.577573872293745,-0.08357880524226655,0.0,0.011548207146779938,0.07321104935237445,0.0,0.00758678368159644,0.029526677812848994,0.0,0.0,0.0,0.06306705066135875,0.025002363068717313,-0.0015955352783197136,0.009810403415135584,0.0,-0.010359039306640077,-0.017876984732491965,0.0,-5.845040271622794,0.03461320332118462
-0.242200300352914,-0.005153844697134805,-0.5519072444098337,0.004722485542297404,0.017045095988682694,-0.0942847640173774,0.02511753150395002,0.04971009050096775,0.01889255183083652,2.1933146886001153e-05,0.0014553390230453037,0.0,0.0,0.0,0.0,0.0,0.0,0.0,0.059886556352887865,-0.17398400579180087,0.0,-0.012512770380293097,-0.009304226466587653,0.0,-0.012509999275206494,0.020785055841718605,0.0,0.0,0.0,0.07478175708225798,0.009192258289881699,-0.002737459455217512,-0.04187975611005511,0.0,-0.010171223367964341,-0.01787682941981699,0.0,-2.2366126905168797,0.08358430794307203
-0.32615411281585693,-0.011319524901252669,-0.03786704404013541,-0.07351589066641624,0.3431539154052735,-0.06140776906694561,0.03824397972651867,0.0049784387860984936,0.02878588812691823,0.00027356011526943495,0.008339206831795565,0.0,0.0,0.0,0.0,0.0,0.0,0.0,-1.3616347885131845,0.05180169309888554,0.0,-0.04488557338714751,-0.04102633135659391,0.0,-0.013123262950351997,-0.0014777592250277496,0.0,0.0,0.0,0.03350944587162579,0.02512785911560072,-0.0059213256835943485,-0.01787453242710565,0.0,-0.010626400538852363,-0.007825050354004557,0.0,6.365626760891506,0.4091895171574192
-0.43747970785413565,-0.0031686183384481226,0.33999806880951006,-0.039795073100498665,-0.050395338875907365,0.05383442470005585,0.108924008778164,-0.05299986975533625,0.016921175548008347,-0.0014020197732109402,-0.025428007670812085,0.0,0.0,0.0,0.0,0.0,0.0,0.0,6.555691174098423,0.36007252216339125,0.0,-0.05789272103990812,-0.04815769468035036,0.0,-0.00900851794651482,0.016190990039281466,0.0,0.0,0.0,0.006899931090217645,0.022480051858085152,-0.0030173138209751266,-0.003888322285243717,0.0,-0.006161300795418561,-0.017786637714930973,0.0,-5.233570047787258,-0.39646050180707654
-0.22301391737801676,-0.0103994594301494,0.06782467569623611,-0.045588432039534714,-0.05210973875863191,0.06709863526480626,0.03554673739842024,-0.05226613998413069,0.024261326789855073,-0.0035449014391204514,-0.02685508864266544,0.0,0.0,0.0,0.0,0.0,0.0,0.0,2.3111387314115257,-0.060528668676103896,0.0,-0.030882758413042666,0.005826734134129501,0.0,-0.01471841130937866,0.037651894433158466,0.0,0.0,0.0,0.029584207534790456,0.013827409744263061,-0.0019131769452775313,0.00164760998317069,0.0,-0.005677333559308805,-0.0077046476091654015,0.0,2.359993204389301,0.22483137266976425
0.5236409841265,-0.004858179092406901,-0.27974591800144644,-0.057385589735847224,-0.0417557913916455,0.03195923873356473,-0.01842599255698017,-0.021142892837523877,0.014982425144739813,-0.0037441553388318943,-0.02742469719478104,0.0,0.0,0.0,0.0,0.0,0.0,0.0,7.6258639567238955,0.14158394064221927,0.0,0.011221057346889956,0.04866481849125316,0.0,0.12560724530901166,-0.09235461507524866,0.0,0.0,0.0,0.03150845732007771,0.010814478056770938,-0.0019509778703957284,-0.0028474834987099384,0.0,0.0024562100001741527,-0.01778728757585744,0.0,-1.4599687337875367,0.010850568498884121
-0.44297519683837855,-0.003926845278059484,0.008529778208052261,-0.028730931963239264,-0.042270540509904767,-0.07527749129704096,-0.01007857935769201,-0.02805620329720528,0.014312208039419667,-0.0035234485353746897,-0.01544115815843813,0.0,0.0,0.0,0.0,0.0,0.0,0.0,5.326234655380249,0.2494069814682009,0.0,0.04760019234248552,0.02744553838457442,0.0,-0.006409050396510756,0.03126737254006505,0.0,0.0,0.0,0.01822366918836365,0.022571267400468997,-0.007507563999720952,0.004132807595388651,0.0,-0.0038906363078522943,-0.017816741807120704,0.0,-5.675203522273473,-0.6569459329332622
-0.3139623812266767,-0.00846338885171021,-0.4722426101139615,-0.058449616432190155,-0.042497129440307244,-0.02070669787270672,0.07273812975202278,-0.02566744055066802,0.014791383743286193,-0.003674801417759253,-0.023540675299507794,0.0,0.0,0.0,0.0,0.0,0.0,0.0,0.9896451548167645,-0.17907403332846553,0.0,-0.015789969308035574,0.022585195813860284,0.0,-0.03208694253649063,0.018188336236136138,0.0,0.0,0.0,0.07178039346422439,0.016153973851885186,-0.0027374621800012123,0.022946564129420772,0.0,-0.006911598614283777,-0.017786502838134766,0.0,-5.218668400900705,0.01679456710815508
-0.35389885153089246,-0.029431475230625028,-0.4761925622395114,-0.07530696732657281,-0.03938079152788353,0.06421868051801408,0.02883771760123136,-0.018643828119550423,0.022757468223571768,0.0003240462711883956,-0.013690017291477627,0.0,0.0,0.0,0.0,0.0,0.0,0.0,-3.9802298675264636,-0.25081196308136,0.0,-0.03544263294764909,-0.02304965768541578,0.0,-0.003320671490260401,-0.0265615735735208,0.0,0.0,0.0,0.07293828351157064,0.0018949910572589243,-0.004665870666503226,-0.02094260692596452,0.0,-0.011074409484863474,-0.007824903215680681,0.0,0.3567607498168943,0.20683882849557023
-0.3386411980220248,-0.01041751725333105,-0.39219480991363503,-0.059751241547720824,-0.048711652074541235,0.061013216972351306,0.028046839577811764,-0.04808067253657785,0.024542209761482883,-0.0016737583705353895,-0.014106249809265035,0.0,0.0,0.0,0.0,0.0,0.0,0.0,-2.7977953250067573,-0.04683307170867934,0.0,-0.043055815696716494,-0.03103405816214457,0.0,-0.01193610668182364,0.016174682889665552,0.0,0.0,0.0,0.07518215792519659,0.003656226566860456,-0.0027374676295681055,-0.013061681474957914,0.0,-0.010637345314025635,-0.007824903215680936,0.0,1.038045147487096,0.22458700520651625
-0.21947068963731983,-0.006879060609000375,0.16919555800301644,-0.046140480722699904,-0.04445755686078735,0.020177726745605997,0.025547053473335524,-0.016097333771842415,0.019806342806135087,-0.0018776525769913985,0.007884026936122066,0.0,0.0,0.0,0.0,0.0,0.0,0.0,-0.39032749857221355,0.26758885724203907,0.0,-0.03938032763344853,-0.0362957280022757,0.0,-0.019090939930507034,0.01688286100115174,0.0,0.0,0.0,0.03048754351479691,0.01242581980569086,-0.006872406005859334,0.00484475340162024,0.0,-0.006219744001116213,-0.017816608973912147,0.0,-1.1457085725239342,-0.3835397863388056
-0.23235821519579172,-0.00988887718745676,0.08650615010942861,-0.044373720032828246,-0.04558437074933711,-0.0515027509416855,0.03110354355403341,-0.03656641006469741,0.01879478045872242,-0.0019174098968505352,0.0011938619613646648,0.0,0.0,0.0,0.0,0.0,0.0,0.0,-0.19622538225991473,-0.081784166608538,0.0,-0.03714601857321652,0.02863081863948277,0.0,-0.010605167661393824,0.04511771883283368,0.0,0.0,0.0,0.02819824423108765,0.0007406704766419787,-0.001950980595179936,-0.0002502373286655971,0.0,-0.00499409539358859,-0.017846698760986816,0.0,1.1618375410352433,0.07884680747985888
-0.21859022821698865,-0.003530135835919625,0.8985080971036634,-0.041140009335109085,-0.04637656279972597,-0.04899085589817582,0.01633619989667626,-0.10686472960880776,0.016766428266253186,-0.003758465903145642,-0.023694038391112775,0.0,0.0,0.0,0.0,0.0,0.0,0.0,0.42703582695552306,-0.09899479252951515,0.0,-0.053655364853995025,-0.03416776520865307,0.0,-0.014369500023978585,-0.026680859157017473,0.0,0.0,0.0,0.024483088765825452,-0.05613139833722818,-0.0019131769452772776,0.005000025885445934,0.0,-0.004272204126630795,-0.017786572320119882,0.0,-1.232517222676959,0.06824567113603841
-0.18445966993059468,-0.006772063119071399,0.10214560304369234,-0.041378935405185606,-0.04228417600904143,-0.07818727288927312,0.07447610923222163,-0.05079338278089222,0.014591878482272946,-0.0036002063751224356,-0.022699163300650582,0.0,0.0,0.0,0.0,0.0,0.0,0.0,1.144458731242589,-0.13045524937765915,0.0,-0.049087140219552135,-0.01745075975145584,0.0,-0.01420710018702869,0.03716774668012336,0.0,0.0,0.0,0.030563296590532727,-0.08266080038888164,-0.002737459455217512,0.007763423919678151,0.0,-0.005565132413591911,-0.017846704210553455,0.0,-3.184664178575789,0.017529746464320897
-0.3290117832592553,0.024010159969329998,-0.7304818310056415,-0.05676021371568903,-0.043007215091160234,-0.07353244236537344,0.03183702911649381,-0.02634565455572968,0.016569572516850935,0.0008195046016147448,-0.010862483978271545,0.0,0.0,0.0,0.0,0.0,0.0,0.0,-0.7945235845020845,-0.24466870784759567,0.0,-0.04801709617887186,-0.007480538913181789,0.0,-0.009968258993966472,0.009118660518101507,0.0,0.0,0.0,0.013639609473091951,-0.11326073067528826,-0.0069632206644327154,0.013368210111345797,0.0,-0.011046138490949074,-0.017876769474574568,0.0,-8.124396565982272,-0.6555600500106813
-0.40856558731624026,-0.006151320593697258,-0.7246380867276879,-0.08902527434485334,-0.05271396909441301,-0.04979187250137329,0.0254965169089176,-0.008206414495194991,0.02790932927812863,-0.0020612083162573824,-0.04375363111495924,0.0,0.0,0.0,0.0,0.0,0.0,0.0,-8.158467054367065,-0.5729704863684518,0.0,-0.0448118090629566,-0.037233607428413605,0.0,-0.026113589831760566,0.01006654603140714,0.0,0.0,0.0,0.08414148126329708,0.008183884620666453,-0.07501884460449279,-0.029379474776132293,0.0,-0.009048699992043703,-0.004333823067801136,0.0,5.9207476912226,0.23711024965558686
-0.31116543565477733,-0.006831865310667849,-0.46906789302825885,-0.06431581020355256,-0.15448699133736785,-0.029987002100263536,0.060478551047189404,-0.03751604488917667,0.027517777851650087,-0.0020957033974785383,0.0025925915581839526,0.0,0.0,0.0,0.0,0.0,0.0,0.0,-3.3397115966251927,-0.011976656232561262,0.0,0.013103333200727667,0.11278246130262103,0.0,-0.01440079280308255,0.04401910645621194,0.0,0.0,0.0,0.08592144625527556,0.02097488675798636,-0.00580781255449533,-0.017492961202349173,0.0,-0.007569701331002575,-0.007945427213396274,0.0,7.84240355695997,0.4347914109911236
-0.37083025727953334,-0.003884545734950403,0.34529414721897717,-0.05726853234427333,-0.043541301318577856,-0.0068385819026407346,-0.266117023740495,-0.047843432426452025,-0.011996694292340087,-0.004685122626168032,0.02792476654052654,0.0,0.0,0.0,0.0,0.0,0.0,0.0,7.193237878254483,0.5005229915891373,0.0,-0.04723990849086209,0.07620426859174449,0.0,-0.06100229127066419,-0.035219809668405384,0.0,0.0,0.0,0.037431062289646225,0.019589709554400616,-0.0030471284048902347,0.005297211919512839,0.0,-0.00630438464028517,-0.017907657623291433,0.0,1.3699903719765814,-0.4927988897051134
-0.3646509858540133,0.012244199344089728,0.8461237634931281,-0.05031168665204839,-0.04716282027108295,-0.04768551553998611,-0.3037743009839734,-0.11124354294368162,-0.013977702004568573,-0.0036749431065147115,-0.022872943878173655,0.0,0.0,0.0,0.0,0.0,0.0,0.0,7.4226935952050335,0.10377206666128913,0.0,0.0433552053996511,0.025229779652187898,0.0,0.0026751572745182172,0.03692554610116134,0.0,0.0,0.0,0.02342358725411588,0.009154141971043472,-0.0011266817365369925,-0.0013237755639212065,0.0,-0.0058935635430475185,-0.017847497122628755,0.0,-0.31280428954533207,0.07832735266004397
-0.4245053992952614,-0.0032209627968920224,0.003301371165684535,-0.0560663250514433,-0.04338784626552007,-0.08073526723044264,-0.019120142119270916,-0.04086927209581681,0.01470877851758726,-0.0047007301875535545,-0.02306227888379781,0.0,0.0,0.0,0.0,0.0,0.0,0.0,6.0540703184264055,0.2534076322828024,0.0,0.05747958319527667,0.008827082770211396,0.0,-0.03880744729723164,-0.09863976989473551,0.0,0.0,0.0,0.010361936432973704,-0.037361236299786986,-0.008142950875417705,0.001879361697605069,0.0,0.0021836229733054324,-0.017816742488316755,0.0,-9.0000715977805,-0.36722108398165
-0.30593696730477504,-0.007036752700805441,-0.24074994972773997,-0.07145845140729636,-0.15164783341544005,-0.05238682883126421,0.06986027036394406,-0.03791724273136664,0.025108720234462516,-0.0025962066650388393,-0.00034524781363336795,0.0,0.0,0.0,0.0,0.0,0.0,0.0,-0.6414894642148694,-0.056865771157400956,0.0,-0.011923574720109948,-0.02172891684940887,0.0,0.11828981127057807,0.001812305450439311,0.0,0.0,0.0,0.03853306089128746,-0.052378817967006545,-0.011351063592093829,-0.003276397841316075,0.0,-0.005263273375376036,-0.007945443562099237,0.0,6.180313636234829,0.382301316942488
-0.5305772863115583,-0.010466745921543412,-0.35525388513292583,-0.03757935115269362,-0.1386946998323721,0.004132273537771981,0.06466478892735163,-0.03897269385201569,0.02415814876556485,-0.005284107753208137,-0.023014264787946864,0.0,0.0,0.0,0.0,0.0,0.0,0.0,8.342553644861495,0.44457452092851873,0.0,-0.04470845358712288,-0.012465781484331322,0.0,0.4504361282076155,-0.029208882876803597,0.0,0.0,0.0,0.06489936215537005,-0.004620394025530875,-0.011199827194214862,0.011153564453124685,0.0,-0.010263985225132086,-0.007945480346680713,0.0,7.724767770767211,0.17238245282854386
-0.6541660806110917,-0.031304490906851355,1.5766674177987237,-0.008932930401393742,-0.12313813686370752,0.0501985679353995,0.06896998132978258,0.16957973275865942,0.02775860105242042,-0.003685285023279964,0.021194643974304483,0.0,0.0,0.0,0.0,0.0,0.0,0.0,10.786758871078492,0.7824123873029437,0.0,0.07733159814562082,0.06310845034462988,0.0,0.12729181153433597,0.017372212409971714,0.0,0.0,0.0,0.020819768224444552,-0.043088841438293404,-0.013952538626534608,-0.012077938488551558,0.0,-0.004399060521807385,-0.007945619310651455,0.0,7.563281745229448,0.617555168015616
-0.5577071475982667,-0.05398258958544032,-1.4352041111673635,0.04142913000924331,-0.051816143989563405,0.051262113026210344,0.05990240846361518,-0.00733352150235841,0.017262909752982076,-0.003232606479099636,0.05060781172343606,0.0,0.0,0.0,0.0,0.0,0.0,0.0,15.360467396123068,0.7987214330264507,0.0,0.16140047413962272,-0.2568791569982261,0.0,0.1609027280126296,-0.13886799982615905,0.0,0.0,0.0,-0.017752027170999187,-0.005973275729587867,-0.010421972274779938,-0.00796647480555939,0.0,-0.006390788214547273,-0.017786803245544696,0.0,-10.368814470086777,-0.9738651078087942
-0.3009106942585539,-0.046061645235333515,-0.728789790698461,0.0611652306147979,0.029235335418156132,0.0705781166894095,0.03768248421805279,0.11170966897691947,0.019740033149719442,-0.004335763795035926,0.0032127564294006966,0.0,0.0,0.0,0.0,0.0,0.0,0.0,1.6479777976444794,0.40933045591626843,0.0,0.21470037426267424,0.07661257471357098,0.0,0.12830482823508152,-0.09586359909602546,0.0,0.0,0.0,-0.009099188532148972,-0.04162548439843304,-0.009626280239650445,0.008742935998099912,0.0,-0.0072272586822507935,-0.017876764706202204,0.0,-10.737262770448412,-0.5223509155000963
-0.33141522816249314,-0.02634762287139861,-0.6605209289278299,0.007671107564653771,0.03452379976000129,0.07719449247632758,0.020284712655203867,-0.0023012202126630704,0.02502586773463657,-0.002408161844526191,-0.006652632440840023,0.0,0.0,0.0,0.0,0.0,0.0,0.0,-7.4315132747377675,-0.03883024215698251,0.0,-0.0030646385465344294,-0.0440557561601914,0.0,0.08381689957210016,-0.09475471360342855,0.0,0.0,0.0,0.05537524972643177,-0.007969130107334419,-0.002026578358241541,0.0008853285653252893,0.0,-0.0018160990306316396,-0.007945258276802798,0.0,-0.7947047322137014,0.21716370786939315
-0.312338356971741,-0.00991308825356642,-0.5187433896745949,-0.017384832927158454,-0.04542841775076743,0.08059045791625989,0.0815442923137112,-0.01401183605194031,0.014098061152867,-0.0030149725505272634,-0.018647933687482774,0.0,0.0,0.0,0.0,0.0,0.0,0.0,-5.714003418513706,0.20108250686100554,0.0,-0.03850342478070955,0.002330290930612528,0.0,-0.017632824352809755,-0.06251726763589005,0.0,0.0,0.0,0.07883635180337072,0.00416865825653063,-0.007054045540946368,0.00452794415610163,0.0,0.00013567720140704256,-0.017846698079790255,0.0,-2.8129688964571264,-0.40055944170270663
-0.3706807102475848,-0.008351161139351606,-0.25085908004215823,-0.021944095066615432,-0.03931601115635403,0.05711111068725572,0.015685881205968397,-0.010052658489772373,-0.08197253908429859,-0.0030194881984156397,-0.044092364311218546,0.0,0.0,0.0,0.0,0.0,0.0,0.0,-6.842321547099522,-0.1609057698931013,0.0,-0.05251111779894124,0.06051927225930344,0.0,-0.034273984772818365,0.018196010589599205,0.0,0.0,0.0,0.020074838910783908,0.004140361377171077,-0.0023064231872562046,0.015995508602687534,0.0,0.0003807762690947974,-0.017816631453377547,0.0,3.4668735422406876,0.06696135929652693
0.8819054181235175,-0.005357673508780485,1.2771856512342186,-0.02858664580753916,-0.04094429220472077,-0.03775161675044458,-0.32705476965223035,0.1721613482066568,-0.04494747161865246,-0.003265529360089709,0.007244321278163974,0.0,0.0,0.0,0.0,0.0,0.0,0.0,-2.6590619891030443,-0.22103726387023898,0.0,-0.032994311196463295,-0.04351830891200491,0.0,-0.021328032357352558,0.025285358428955566,0.0,0.0,0.0,0.02464643887111149,-0.01630860601152711,-0.00155772890363437,0.025720527512686737,0.0,-0.0008821759905137989,-0.007584247589111216,0.0,2.752263023512704,0.14970337867736813
-0.2431887899126328,-0.003950437818254977,0.7832249130521495,-0.029046256882804045,-0.04655877045222694,-0.01150767394474604,-0.2268024369648519,-0.10834486075809961,-0.01467675685882546,-0.003660351889473493,-0.022407437733241307,0.0,0.0,0.0,0.0,0.0,0.0,0.0,0.7333541025434227,0.22217412471771172,0.0,-0.05777542250496965,-0.044449526923043284,0.0,-0.0525235428128933,0.02343524660383015,0.0,0.0,0.0,0.021712142399379224,-0.02846030235290569,-0.001293138776506402,-0.018861844199044242,0.0,-0.005800089836120443,-0.0178166566576269,0.0,0.9744319350378855,0.09151371479034433
-0.31384397506713874,-0.005585568972995907,-0.2280186707632877,-0.04869799409593867,-0.04273463862282841,-0.03589480468205026,0.06427767685481431,-0.04467517035347995,0.019808097566876372,0.007704697336469835,0.03543527671269052,0.0,0.0,0.0,0.0,0.0,0.0,0.0,1.9002828863688883,0.37430451256888275,0.0,-0.03217493602207634,-0.003950610160827444,0.0,-0.021905920164925874,0.04661744185856419,0.0,0.0,0.0,-0.01927036557878838,-0.02696723869868808,-0.0030471876689373645,-0.010494209017072162,0.0,-0.006260459082467053,-0.017846685137067553,0.0,-8.179775153568812,-0.38307677745819035
-0.33080215181623196,-0.008019326073782449,-0.23877358777182348,-0.04112651756831579,-0.046932761328561313,-0.027844065938676974,0.021246565410069147,-0.045681691850934215,0.021293441908700368,-0.0020102814265656427,0.006527414321900389,0.0,0.0,0.0,0.0,0.0,0.0,0.0,-3.8245735645294197,-0.07656086717333085,0.0,0.009940841538564575,-0.019161798613411767,0.0,-0.009238525799342463,-0.057960672378540225,0.0,0.0,0.0,0.021467170034136323,0.015794749941144,-0.0019509778703964895,0.013088383674621744,0.0,0.003240904126848219,-0.01784674099513493,0.0,2.2377811888286048,0.011941315105983412
-0.31388959544045597,-0.03023347241537953,-0.2594397347314012,0.009047677857535115,-0.04229428563799128,-0.0725678586959838,0.062290737288339414,-0.029164676666259024,0.014070712498255184,-0.002818621907915692,-0.0113299001966199,0.0,0.0,0.0,0.0,0.0,0.0,0.0,-0.6914292757851737,-0.24279880114964061,0.0,-0.04947229044778011,-0.019322688238961407,0.0,-0.012210331644330148,-0.06657990455627479,0.0,0.0,0.0,-0.01984831809997572,-0.035987080165318375,-0.007840531894138738,0.00691651753016842,0.0,-0.001793249675205999,-0.017876696586608936,0.0,-8.064225308554512,-0.5669010169165468
-0.3569616038458684,-0.025073317119053837,0.05262814828327705,-0.003000550270080536,-0.03026502234595136,-0.056348592894417085,0.07122266156332888,-0.00420758860451796,0.01445710386548755,-0.0027498292922969775,0.0036457163946970184,0.0,0.0,0.0,0.0,0.0,0.0,0.0,-9.330361470494951,-0.27731439249856166,0.0,-0.05549417768205903,-0.01993223258427257,0.0,-0.013880541665213844,0.02302949087960369,0.0,0.0,0.0,-0.023896392413547827,-0.05299516269138899,-0.004272633961268265,0.017166425841195525,0.0,-0.0036150366919383004,-0.008065738677979186,0.0,-1.8448460129329134,0.09131585802350704
-0.4170600891113274,-0.03458444186619352,-0.6736643733297077,-0.01820335899080483,-0.034999995912824086,0.0471741924967084,0.029700340543474115,-0.024499768529618597,0.023384156908308133,-0.0031060123443604126,0.0017829302379069084,0.0,0.0,0.0,0.0,0.0,0.0,0.0,-9.53974970817566,-0.49048495088304883,0.0,-0.007534141540526562,0.009032983779907309,0.0,-0.026594038350241433,0.013694170202527849,0.0,0.0,0.0,-0.08776219946997545,-0.05381275721958748,-0.06063005719866129,0.007553309031895138,0.0,-0.009891849245343667,-0.00541727883475142,0.0,5.538238068308151,0.2651623208182196
-0.3450924914223809,-0.004761475835527408,0.1466413886206485,0.00877401556287565,-0.03327659198216004,-0.05392846107482896,0.05986088071550582,-0.024157165118626218,0.014200025967189944,-0.0029286473137986996,-0.007810720035007331,0.0,0.0,0.0,0.0,0.0,0.0,0.0,-5.489299433571951,-0.07074743815830763,0.0,-0.05678776059831873,0.09026680060795401,0.0,-0.04041060447692857,-0.09067542757306793,0.0,0.0,0.0,-0.027457841464451453,-0.0814327464784897,-0.0014821325029646154,0.010741433416094586,0.0,-0.006419595309666499,-0.01784673145839122,0.0,1.9812729678835181,-0.006867397172110553
-0.38016110897064237,-0.006717440060206518,-0.3151749794823781,0.01775450638362384,-0.04496591227395186,-0.0697409112112857,0.04130497319357725,-0.05512853928974718,0.013840349061148822,-0.002075648307800445,-0.005166714532034941,0.0,0.0,0.0,0.0,0.0,0.0,0.0,-2.2597174944196436,-0.22363305636814598,0.0,-0.05439749717712391,0.07755126646586774,0.0,0.021514280182974792,0.012666463170732658,0.0,0.0,0.0,-0.0184085689272196,0.30300438131604907,-0.006418750626700387,-0.009981034823825905,0.0,-0.009947952542985559,-0.01781647477831199,0.0,-7.087798790931703,-0.6631924854006085
-0.3235505063193189,0.0008834300722393758,-0.9042758011817936,-0.01034267425537053,-0.005338486603328236,0.07469314507075733,0.047605203560420604,0.01523490428924593,0.014012653487068276,-0.00045632328305877934,-0.0006251202310835678,0.0,0.0,0.0,0.0,0.0,0.0,0.0,-9.678068392957957,-0.27625260966164716,0.0,-0.059275563785007535,-0.034381202970232394,0.0,-0.02803178650992168,0.015123720509666276,0.0,0.0,0.0,-0.20432335853576675,-0.06589700324194807,-0.003803794043404553,-0.02512713977268786,0.0,-0.010826065199715502,-0.008306418827602207,0.0,-4.222132100718362,0.06648266485759205
-0.3037379278455471,0.02727434907640688,-0.9530318696158269,-0.017044772761208065,-0.03820843696594167,0.04920995099203968,0.08145335401807456,-0.03826233046395495,0.025249230521065362,-0.0005690615517752105,0.009920881135123238,0.0,0.0,0.0,0.0,0.0,0.0,0.0,-10.297513044902256,-0.5542544603347785,0.0,-0.051504942349025154,0.042253091335297074,0.0,-0.005588243688856639,0.017944502149309267,0.0,0.0,0.0,-0.2669338226318355,-0.13198618786675478,-0.0868162829535348,0.023535980156490055,0.0,-0.007556688104356597,-0.006500734601701958,0.0,8.520457041604176,0.2246809189660221
-0.31930438722882876,0.0090928302492413,-0.6879437787192205,-0.06130262170519148,-0.005171908651079146,0.06720107214791403,0.05712094238826231,-0.048347969736371156,0.014225326265608018,0.002396191188267695,0.0055356427601405455,0.0,0.0,0.0,0.0,0.0,0.0,0.0,-7.421415065356663,-0.03734512465340752,0.0,-0.0370707341602878,0.0850157444817677,0.0,0.13285752296447764,-0.04884131567818782,0.0,0.0,0.0,-0.14235494613647454,-0.06389310564313609,-0.002306425912039397,0.006919165338788146,0.0,-0.012101065771920208,-0.017786534854343877,0.0,-0.08824819019862597,-0.005182815960475651
-0.3327386004584176,-0.017097425460814466,-0.5674537713187077,-0.07059850692749008,-0.005968869754247105,0.06729376588548927,0.019793323789323938,-0.060095312935965595,0.017036719322205025,-0.00206188951219818,-0.014509488514491662,0.0,0.0,0.0,0.0,0.0,0.0,0.0,-6.0920250599724906,-0.06388453211103189,0.0,-0.032124840872628777,-0.0016607652391704062,0.0,0.0693904100145615,-0.007809212548392556,0.0,0.0,0.0,-0.14085896423884822,-0.05150477341243206,-0.0023820223127091517,0.010668745722089566,0.0,-0.011784352575029697,-0.0178166525704516,0.0,2.9376540429251534,0.16810374123709618
-0.3255512898308887,-0.003954153060913512,-0.5638643564496727,-0.008676182883126009,-0.053202264649526806,0.08509559699467216,0.02108519077301071,-0.01669139044625442,0.013370131083897872,-0.0013070787702287947,-0.01365059307643384,0.0,0.0,0.0,0.0,0.0,0.0,0.0,-2.989844413484845,-0.0932000977652415,0.0,-0.033552685465131,-0.03043320928301187,0.0,-0.03291041306087017,0.015532966341291754,0.0,0.0,0.0,-0.16967249257223976,-0.07170673574720077,-0.0026996721540178165,0.012526871817453156,0.0,-0.011312296049935508,-0.0178466824122836,0.0,-3.6317937912259777,-0.0074118532453259734
-0.3406483554840088,-0.029702777862549063,0.10861317975180462,-0.04525291510990671,-0.03911180019378589,0.0157028259549821,0.020235877718244564,-0.027555497714451555,-0.11594913482666007,0.009556794166565043,-0.0038853979110720716,0.0,0.0,0.0,0.0,0.0,0.0,0.0,-5.887826769692558,-0.060326342582702405,0.0,-0.03892292227063824,0.06823279244559137,0.0,-0.03219606740134066,0.0376405899865294,0.0,0.0,0.0,-0.10723656994955963,-0.060110936846051795,-0.0019131796700612316,0.015583659580775741,0.0,0.0005916043690274668,-0.007824903215680936,0.0,0.005957692691257677,0.20170303480965807
-0.385582827159337,-0.00933294636862644,1.5687285797936574,-0.025068614823476918,-0.051489845003400446,0.07242359365735698,0.03996660981859484,-0.11046526568276503,-0.09464663607733646,-0.00297576359340138,-0.015630098070417375,0.0,0.0,0.0,0.0,0.0,0.0,0.0,-3.5637185192108154,0.3464550549643382,0.0,-0.06413954087666036,-0.04086336272103403,0.0,-0.019468314988273505,0.013660532406398116,0.0,0.0,0.0,-0.0626552009582514,-0.11172711031777485,-0.007598528861999553,-0.018773526464189314,0.0,0.0011163452693393947,-0.017846656526837684,0.0,-6.950034617696487,-0.2972731712886265
-0.3169800928660799,-0.027941749436514333,-0.6172834832327708,-0.07097259044647153,-0.020333910329000813,0.04369985376085518,0.06980315072195863,-0.014723980767386078,0.01795289857046889,-0.0021135609490531442,0.003308196749005684,0.0,0.0,0.0,0.0,0.0,0.0,0.0,-9.491456902367728,-0.21610989298139266,0.0,-0.045369094439915054,0.028746722425733142,0.0,-0.03944212504795581,0.03609490667070604,0.0,0.0,0.0,-0.09626841613224586,-0.05404783861977742,-0.00348615918840624,-0.019001037052699336,0.0,-0.00458475181034628,-0.00806576047624828,0.0,-0.36469308308192616,0.07879514762333477
-0.34747721195220876,-0.0058158837045940714,-0.279072280611311,-0.06966628551483213,-0.018457356180463385,-0.026748570714677605,0.05881603240966753,-0.01971390860421326,0.020067420686994502,-0.003098977633885066,0.0068173476627898365,0.0,0.0,0.0,0.0,0.0,0.0,0.0,-9.176954775537762,-0.22728287220001217,0.0,0.005687320572989866,-0.02206756319318513,0.0,-0.011351136480058952,0.008214003699166536,0.0,0.0,0.0,-0.023510731288365654,-0.08255153179168698,-0.004272640773228277,-0.00469799586704792,0.0,-0.0039056314740860847,-0.008306511470249538,0.0,0.5920890753609795,0.022006945269448814
-0.3405654968534194,-0.012670742443629836,-0.6697870050157823,-0.07043888705117267,-0.030432385035923763,0.05953173024313812,0.04767230715070449,-0.010233487401690309,-0.04000025953565307,-0.0015273046493522457,-0.011635183606829611,0.0,0.0,0.0,0.0,0.0,0.0,0.0,-6.947107559612818,-0.2186161940438406,0.0,-0.028294465882437336,-0.027634246008737002,0.0,-0.04371533461979433,-0.04943529673985024,0.0,0.0,0.0,-0.09759089810507657,-0.04763270514351982,-0.004310432161603777,0.017733981268746035,0.0,-0.010832676206316196,-0.007945266451154407,0.0,2.278069291114807,0.187824179785592
-0.33390875611986487,0.03172793933323449,-0.7989247826167512,-0.004534973417008307,-0.050009383474078205,0.0588837971006116,0.0685469293594362,-0.05892911774771546,-0.00607200690678132,-0.0016901894978111898,-0.012329020500183268,0.0,0.0,0.0,0.0,0.0,0.0,0.0,-5.298323668071201,-0.04875669888087662,0.0,-0.027749260493687596,-0.026632460185460363,0.0,-0.02523637635367239,0.013012433052063852,0.0,0.0,0.0,-0.09593339238847978,-0.06807190690721805,-0.0023064231872562046,0.014345020566668103,0.0,-0.010390794617789214,-0.01781660352434424,0.0,-0.5445724821090696,0.17871113709041048
-0.3854171766553604,0.02213535921914175,0.0531446061815536,-0.019571973255700672,-0.15857563699994795,0.06685968535286994,0.07624057565416541,-0.0371484470367433,0.024064137595041096,-0.0019985716683524096,-0.013970993586947802,0.0,0.0,0.0,0.0,0.0,0.0,0.0,-4.1713915007455,-0.04830295835222463,0.0,-0.04532737595694515,-0.008587652615139163,0.0,-0.03919555255344953,0.021244883537292987,0.0,0.0,0.0,-0.020276035581316267,-0.0544982685361595,-0.00856053352355955,0.011776054246085823,0.0,-0.00470804214477535,-0.008065697125026108,0.0,5.342341745921544,0.22940292835235557
-0.3254558713095531,-0.009037793023244842,-0.2941719681876044,-0.0878726278032586,-0.16043199743543365,-0.03572570732661694,0.013506999697004625,0.0060919536863051705,0.02812972409384657,-0.0037363447461807703,0.035335764203753124,0.0,0.0,0.0,0.0,0.0,0.0,0.0,1.8310499668121332,0.3203231198447088,0.0,-0.03205750397273478,0.07023265498025084,0.0,-0.1258619717189242,0.023097884995597236,0.0,0.0,0.0,-0.02567872319902647,0.007156883648465039,-0.014103727340698822,0.008694688933236503,0.0,-0.005177890232631504,-0.007945483071463397,0.0,7.8138785641533985,0.1781317683628631
-0.4309492444992062,-0.009417556353977627,0.2495861496244152,0.059265009675706484,-0.04166667597634418,-0.030492470605032906,-0.05155105318341973,-0.038435436657495714,0.014522186006819078,-0.0035087142671856547,-0.019176864624023793,0.0,0.0,0.0,0.0,0.0,0.0,0.0,10.232428674357276,0.4306255606242588,0.0,0.06401049954550585,0.02600963422230405,0.0,-0.0034558166776381682,0.047320808342525264,0.0,0.0,0.0,-0.022394996711186214,-0.0451264418874473,-0.005436461312430093,-0.010466963223048202,0.0,-0.004622921943664997,-0.01781677722930906,0.0,-8.075887251581465,-0.6038689906256539
-0.29597638198307663,-0.026341973713466058,-0.4114800596237182,-0.021498489379881747,-0.1560853004455576,-0.04310295922415592,0.03935909407479394,-0.031878567423139055,0.02341898305075496,-0.0037945175170912243,-0.011857610430035794,0.0,0.0,0.0,0.0,0.0,0.0,0.0,2.4067250714983257,0.3469980008261554,0.0,0.15965671539306672,0.07592706952776217,0.0,-0.05908279078347307,0.005647230829512192,0.0,0.0,0.0,0.08438892364501983,-0.033768603461129434,-0.01135103361947135,-0.007239400999887481,0.0,-0.0101960202625825,-0.00806575775146458,0.0,5.824762000356402,0.33014080933162254
-0.3564192424501696,-0.010522543362208227,0.045731064932687256,0.07649463108607714,-0.0507607024056573,0.07173830100468212,0.04434983594076972,-0.04826893670218294,0.024908152307782823,-0.004288524900164958,-0.015067106655665288,0.0,0.0,0.0,0.0,0.0,0.0,0.0,11.383655522891454,0.6846221991947721,0.0,0.028867648669652062,0.007804124014718893,0.0,0.14286256177084816,-0.07961119174957254,0.0,0.0,0.0,0.026700327055794455,-0.013714914321899434,-0.0020796149117607854,0.005980739593505646,0.0,0.0029902478626802065,-0.007825121198382032,0.0,-0.6737124388558515,0.512716794695173
-0.41519192048481585,-0.016373129572186125,-0.7535235064370293,0.08306268317358878,-0.052430716923304796,0.06351671900068011,0.07291558197566442,0.02647823912756892,0.014930534362792411,-0.004326425279890245,-0.021880181176321654,0.0,0.0,0.0,0.0,0.0,0.0,0.0,9.860799482209343,0.8728464681761606,0.0,0.10158089637756287,-0.010238239765167276,0.0,-0.00561138493674207,-0.036150255203246474,0.0,0.0,0.0,0.05750460386276325,-0.01798265457153368,-0.0032587351117816204,-0.035249445097787255,0.0,-0.011159703390938904,-0.017756642614092044,0.0,-7.167581973757064,-0.7509566518238608
-0.21418250288282056,-0.008395299230302657,-0.448041723115104,0.05820168835776204,-0.05525170053754534,0.05116877419607922,0.03396735804421626,-0.04246764319283639,0.024291930879865475,-0.004439765385219475,-0.02359660829816487,0.0,0.0,0.0,0.0,0.0,0.0,0.0,2.2843689019339424,0.21691160270145943,0.0,0.13552310398646814,-0.030455686024257238,0.0,0.14060300758906788,-0.09706625802176358,0.0,0.0,0.0,0.055816356113979025,-0.21407524040767129,-0.00168637139456632,0.005573870795114034,0.0,-0.006335612705774858,-0.007824916839599691,0.0,0.4714893954140797,0.1465437684740338
-0.2898812695911947,-0.005250975063869591,-0.49052295139857627,0.010598535537720721,-0.05328624452863424,0.05997354098728686,0.08047096252441374,-0.05753160817282499,0.016488470349992315,0.006854680606296729,-0.030389949934824197,0.0,0.0,0.0,0.0,0.0,0.0,0.0,5.955316972051349,0.904404598644801,0.0,0.024945812225341868,0.056038511140006166,0.0,0.16151749747140087,-0.07870991025652328,0.0,0.0,0.0,0.05464894022260453,-0.041234018462043664,-0.003651973179408685,-0.0013877187456398893,0.0,-0.0008383233206608054,-0.017756611960274782,0.0,-3.521463959557668,-0.29530673912593336
-0.2919699437277661,-0.03256262336458501,-0.5806983576502122,0.002052341529301671,-0.05491756575448165,0.06021247727530289,0.03980482986995147,-0.05782497610364677,0.013282605579921431,0.007499446187700138,-0.02214417457580531,0.0,0.0,0.0,0.0,0.0,0.0,0.0,1.704979090009417,0.3149850702285763,0.0,-0.01976824147360645,-0.008727374076842764,0.0,-0.02208148479461666,-0.0896692395210259,0.0,0.0,0.0,0.016019303458077973,-0.03893924304417164,-0.002442370823451715,0.008572174480982955,0.0,-0.00676957164491933,-0.017846669469560643,0.0,-8.9943045936312,-0.42051126037325154
-0.32927774361201656,-0.011675823075430105,-0.4998505932944156,0.05949307782309481,-0.028343955448695723,0.08193895612444178,0.026971223694937256,-0.0016768305642256922,0.022807632173810686,-0.003444143022809598,-0.014234102112906908,0.0,0.0,0.0,0.0,0.0,0.0,0.0,-6.704463082041059,-0.23591268811907082,0.0,-0.006030283655439054,-0.046180488041468744,0.0,-0.030198316574097106,-0.07263901914869132,0.0,0.0,0.0,0.07947149957929334,-0.00315745421818292,-0.005134720121110904,-0.015371190479823176,0.0,-0.002167626789638634,-0.00782491956438339,0.0,2.9727789701734264,0.21266328062330025
-0.361941158430917,-0.02743707043784,-0.4303320789337161,0.007785797119140879,-0.05224571364266544,0.05992261137281142,0.03463635240282364,-0.05096324375697568,0.024367328371320798,-0.0030859783717556155,-0.02005486420222624,0.0,0.0,0.0,0.0,0.0,0.0,0.0,-4.118279568127223,-0.05121334348406111,0.0,-0.023891525949751573,-0.020244744164603392,0.0,-0.008816416604178454,-0.03386882918221522,0.0,0.0,0.0,0.07485541139330161,-0.014247508730207161,-0.002306415012904089,-0.006560205050877193,0.0,-0.003121653284345121,-0.007824903215680936,0.0,-0.370576529502868,0.22487389496394503
-0.3694664471490045,-0.02871372291020004,-0.5419822256905691,0.0014336994716109988,-0.050423872130257355,0.057590823854719427,0.03879248482840403,-0.04289519446236716,0.012603566987173511,-0.001821495464869776,-0.01504707540784546,0.0,0.0,0.0,0.0,0.0,0.0,0.0,-2.245297535487584,0.43228695052010657,0.0,-0.040205748421805056,-0.0071167053495133,0.0,-0.04028528349740108,0.010438907487051452,0.0,0.0,0.0,0.07435400145394411,-0.00837769576481381,-0.005648074150084932,-0.004032588686262122,0.0,-0.011070404733930062,-0.0177864565168111,0.0,-4.293862278120858,-0.26695844105311856
-0.33615456921713666,-0.028570081165858748,-0.47973631177629705,0.004994052478245438,-0.047151103700909705,0.06979654788970942,0.03112836224692244,-0.012872158459254887,0.02151461465018123,-0.0019387183870584071,-0.014865641593933379,0.0,0.0,0.0,0.0,0.0,0.0,0.0,-5.990165674345833,-0.11733646733420196,0.0,-0.034101232119968676,-0.024432626451764503,0.0,-0.015735622133527576,0.028721507617404995,0.0,0.0,0.0,0.0766900539398195,-0.023946566581726763,-0.002699663979666716,0.009917615481785396,0.0,-0.010451053210667638,-0.007584206717355205,0.0,0.6891846697671075,0.22439094134739485
-0.3458577905382426,0.02100570065634574,-0.5902688223975042,-0.0005118192945207259,-0.052750977788652724,0.07380944183894579,0.02431939874376608,-0.047385778427123375,0.014279052870614452,-0.002074734142848454,-0.013915016310555473,0.0,0.0,0.0,0.0,0.0,0.0,0.0,-4.236789211545672,-0.09888176032475064,0.0,-0.027599216188703122,-0.020472108977181387,0.0,-0.004731152398244985,-0.05457529204232411,0.0,0.0,0.0,-0.09246430124555362,-0.0018514565059114371,-0.0024576405116490158,0.00676955563681452,0.0,-0.0045512846538002805,-0.01781659534999263,0.0,-2.426331930160522,0.07718850544520706
-0.37818560600280754,-0.003430519104003033,-0.7385924448285784,0.001187386512756104,-0.051327351161412134,0.07621945040566556,0.031095907347543163,-0.04300616809299994,0.016232527324131243,-0.0025689036505555257,0.0004298727852959213,0.0,0.0,0.0,0.0,0.0,0.0,0.0,-4.853934158597673,-0.21156639712197414,0.0,-0.03891817365373879,-0.007183814048767064,0.0,-0.03448922225407219,0.01355110577174631,0.0,0.0,0.0,-0.0995168447494502,-0.08695726054055365,-0.00799166066305977,0.012102228573389542,0.0,-0.010140617915561962,-0.01781650747571614,0.0,-5.054840836524964,-0.6517682940619337
-0.3184894793374199,-0.003433501379830974,-0.7034019299915851,-0.018792988232203482,-0.04224564484187481,0.055185343197413035,0.017700557027543824,-0.01798720564161003,0.018213639259338926,-0.0037584073202949447,0.024640951156616606,0.0,0.0,0.0,0.0,0.0,0.0,0.0,-9.331199736254558,-0.21317252227238218,0.0,-0.05901943206787103,-0.008586041586739717,0.0,-0.014303206035068707,0.025063167980738803,0.0,0.0,0.0,-0.09497218063899496,-0.0801801231929234,-0.0038793952124454023,0.022828078610556548,0.0,-0.009390921592713042,-0.008547295161655961,0.0,-1.54765654359545,0.048222742080688566
-0.33969714914049326,0.014992818151201348,-0.5451034593582152,-0.010248092242649776,-0.03999452114105268,0.05236123016902435,0.03279386043548601,-0.025081172670636778,0.01914649077824266,-0.0034137725830074572,-0.04742132731846357,0.0,0.0,0.0,0.0,0.0,0.0,0.0,-9.459207440103805,-0.21417050089154951,0.0,0.0055319009508405514,-0.022314819608416414,0.0,-0.041058756283351476,0.01614408969879198,0.0,0.0,0.0,-0.09803091934749096,-0.05432556152343742,-0.004234869820731291,-0.023264456476483834,0.0,-0.00966057777404775,-0.008788065229142867,0.0,0.6324640417098996,0.1624265534537171
-0.331406472751072,-0.005309192793710084,-0.5023326907839086,0.047868937083652696,-0.023991628374372503,0.07326902662004768,0.06618696689605715,-0.022777840750558047,0.023684970310756066,-0.003352043969290262,0.01953381810869535,0.0,0.0,0.0,0.0,0.0,0.0,0.0,-6.8187093380519315,-0.32167730876377626,0.0,-0.0021305411202564733,-0.012439628328595274,0.0,-0.03592906611306316,0.009923576627458732,0.0,0.0,0.0,-0.09302862984793515,-0.048244106428964074,-0.0034861482892714385,-0.029914731979370095,0.0,-0.005622450964792033,-0.007945298467363518,0.0,3.4683880656106134,0.23418374947139117
-0.34110405445098835,-0.03458275250026256,-0.5884976468767437,0.04615229742867629,-0.05191906043461435,0.07303928307124556,0.02570318017687104,-0.01205977235521592,0.02522232532501231,-0.002486183302742465,-0.01324633393968812,0.0,0.0,0.0,0.0,0.0,0.0,0.0,-2.811278872489928,-0.055331809180122704,0.0,-0.020301762308393836,-0.024592105320522504,0.0,-0.032738912446158404,0.015630235671997537,0.0,0.0,0.0,-0.09523339612143365,-0.0525356592450823,-0.0018753787449430348,-0.006774301528930644,0.0,-0.010752432686941609,-0.017756440298898113,0.0,0.42744907038552427,0.1633863551276075
-0.21855497019631492,-0.003571752820696058,-0.5327384342466084,0.06098327091762025,-0.053121139662606405,0.012222519602094957,0.031149359430585326,-0.048805749075753316,0.014845589910234531,-0.002824281964983807,-0.011905264854431457,0.0,0.0,0.0,0.0,0.0,0.0,0.0,-0.9287185341971264,0.10257285731179344,0.0,-0.03489889757973711,0.07036984920501713,0.0,-0.03765624659401975,0.019012268611363275,0.0,0.0,0.0,-0.09635502474648508,-0.047751416478838085,-0.001913171495710131,0.007454161643981954,0.0,-0.026063809394836466,-0.017876788548061233,0.0,-0.6162648194176812,0.03506849425179607
-0.21286860602242616,-0.007231281144278258,-0.5071208170482089,0.06803855895996083,-0.057757668495178195,0.01197217260088276,0.02054357119969019,-0.041539694922310896,0.017642547743661346,-0.0024673843383788657,-0.0128423895154679,0.0,0.0,0.0,0.0,0.0,0.0,0.0,-0.6891943454742435,0.11838323933737575,0.0,-0.03869929109300888,0.06938630444662865,0.0,-0.01711066586630697,0.02829184532165563,0.0,0.0,0.0,-0.09652275017329615,0.011778890745980724,-0.002306428636823605,0.008868474279131431,0.0,-0.026130065917968435,-0.01784670693533741,0.0,1.1493911457061772,0.012210642269679082
-0.30107036181858604,-0.007454425948005954,-0.36161518982478696,0.025587608473641055,-0.1687310205187121,0.01417510781969281,0.033648089681353355,-0.043619232858929734,0.02102652890341718,-0.0023279367174422155,-0.02667059080941441,0.0,0.0,0.0,0.0,0.0,0.0,0.0,0.4010668720517843,0.3517362894330725,0.0,-0.030288799149649086,0.04422533580235033,0.0,-0.05261336054120643,0.024956883702958472,0.0,0.0,0.0,0.08469469887869684,0.009205061367580163,-0.008560523986815838,0.0027556065150672487,0.0,-0.0254736225945604,-0.00818653651646249,0.0,6.2788330255235945,0.16512806347438186
-0.33297822884150946,-0.011438951492308749,-0.5088684122903009,0.05439064911433584,-0.050995845113481,-0.005261634417943536,0.07593945503234778,-0.04962291921888123,0.01275472981589308,-0.004156307492937827,-0.02565935611724893,0.0,0.0,0.0,0.0,0.0,0.0,0.0,10.629633101735797,0.20487186023167325,0.0,-0.0429794168472295,0.030321626663209398,0.0,-0.013223081316267229,0.031115559169225242,0.0,0.0,0.0,0.08268472194671515,-0.009574604715618915,-0.0021552140372139866,0.0016974925994881168,0.0,0.048309336389814,0.017095061710902977,0.0,-0.35698551314217675,-0.23075301851545124
