timestamp,rows_added,start_date,end_date,status
2026-04-27T04:11:48.729479+00:00,0,2026-04-25,2026-04-27,ok
2026-05-01T10:58:03.224907+00:00,48,2026-04-29,2026-05-01,ok
2026-05-01T11:55:02.215174+00:00,0,2026-04-29,2026-05-01,ok
2026-05-01T13:07:17.856172+00:00,0,2026-04-29,2026-05-01,ok
2026-05-01T14:50:13.832073+00:00,0,2026-04-29,2026-05-01,ok
2026-05-01T15:52:31.346698+00:00,0,2026-04-29,2026-05-01,ok
2026-05-01T16:51:39.903951+00:00,0,2026-04-29,2026-05-01,ok
2026-05-01T17:54:47.827321+00:00,0,2026-04-29,2026-05-01,ok
2026-05-01T19:03:46.822487+00:00,0,2026-04-29,2026-05-01,ok
2026-05-01T20:44:12.471589+00:00,0,2026-04-29,2026-05-01,ok
2026-05-01T21:47:36.448393+00:00,0,2026-05-01,2026-05-01,ok
2026-05-01T22:43:44.740206+00:00,0,2026-05-01,2026-05-01,ok
2026-05-01T23:45:22.708090+00:00,0,2026-05-01,2026-05-01,ok
2026-05-02T02:09:33.994966+00:00,24,2026-05-01,2026-05-02,ok
2026-05-02T05:32:01.391658+00:00,0,2026-04-30,2026-05-02,ok
2026-05-02T07:24:44.388094+00:00,0,2026-04-30,2026-05-02,ok
2026-05-02T07:46:07.835696+00:00,0,2026-04-30,2026-05-02,ok
2026-05-02T09:00:45.117307+00:00,0,2026-04-30,2026-05-02,ok
2026-05-02T10:44:56.904592+00:00,0,2026-04-30,2026-05-02,ok
2026-05-02T11:40:40.330561+00:00,0,2026-04-30,2026-05-02,ok
2026-05-02T12:57:18.926864+00:00,0,2026-04-30,2026-05-02,ok
2026-05-02T14:10:16.459962+00:00,0,2026-04-30,2026-05-02,ok
2026-05-02T15:40:52.930218+00:00,0,2026-04-30,2026-05-02,ok
2026-05-02T16:40:18.388075+00:00,0,2026-04-30,2026-05-02,ok
2026-05-02T17:39:45.657956+00:00,0,2026-04-30,2026-05-02,ok
2026-05-02T18:51:15.854901+00:00,0,2026-04-30,2026-05-02,ok
2026-05-02T19:51:28.307841+00:00,0,2026-04-30,2026-05-02,ok
2026-05-02T20:36:18.946007+00:00,0,2026-04-30,2026-05-02,ok
2026-05-02T21:35:30.859477+00:00,0,2026-05-02,2026-05-02,ok
2026-05-02T22:34:56.492405+00:00,0,2026-05-02,2026-05-02,ok
2026-05-02T23:37:49.319221+00:00,0,2026-05-02,2026-05-02,ok
2026-05-03T02:25:07.678595+00:00,24,2026-05-02,2026-05-03,ok
2026-05-03T05:53:41.065571+00:00,0,2026-05-01,2026-05-03,ok
2026-05-03T07:54:07.920962+00:00,0,2026-05-01,2026-05-03,ok
2026-05-03T08:02:41.784982+00:00,0,2026-05-01,2026-05-03,ok
2026-05-03T09:18:19.344056+00:00,0,2026-05-01,2026-05-03,ok
2026-05-03T10:50:11.456251+00:00,0,2026-05-01,2026-05-03,ok
2026-05-03T11:38:06.652764+00:00,0,2026-05-01,2026-05-03,ok
2026-05-03T12:57:17.177152+00:00,0,2026-05-01,2026-05-03,ok
2026-05-03T14:10:52.628936+00:00,0,2026-05-01,2026-05-03,ok
2026-05-03T15:41:42.852983+00:00,0,2026-05-01,2026-05-03,ok
2026-05-03T16:41:45.386965+00:00,0,2026-05-01,2026-05-03,ok
2026-05-03T17:42:21.060876+00:00,0,2026-05-01,2026-05-03,ok
2026-05-03T18:51:19.161103+00:00,0,2026-05-01,2026-05-03,ok
2026-05-03T19:51:22.552166+00:00,0,2026-05-01,2026-05-03,ok
2026-05-03T20:36:53.076833+00:00,0,2026-05-01,2026-05-03,ok
2026-05-03T21:36:35.778208+00:00,0,2026-05-03,2026-05-03,ok
2026-05-03T22:35:08.092903+00:00,0,2026-05-03,2026-05-03,ok
2026-05-03T23:39:00.994716+00:00,0,2026-05-03,2026-05-03,ok
2026-05-04T02:15:10.233199+00:00,24,2026-05-03,2026-05-04,ok
2026-05-04T05:58:54.886370+00:00,0,2026-05-02,2026-05-04,ok
2026-05-04T08:31:05.990824+00:00,0,2026-05-02,2026-05-04,ok
2026-05-04T08:35:12.346741+00:00,0,2026-05-02,2026-05-04,ok
2026-05-04T11:01:42.042173+00:00,0,2026-05-02,2026-05-04,ok
2026-05-04T13:30:35.080201+00:00,0,2026-05-02,2026-05-04,ok
2026-05-04T15:57:09.829819+00:00,0,2026-05-02,2026-05-04,ok
2026-05-04T17:28:46.487870+00:00,0,2026-05-02,2026-05-04,ok
2026-05-04T19:21:15.650634+00:00,0,2026-05-02,2026-05-04,ok
2026-05-04T21:02:58.946622+00:00,0,2026-05-04,2026-05-04,ok
2026-05-04T22:52:42.407068+00:00,0,2026-05-04,2026-05-04,ok
2026-05-04T23:48:48.700538+00:00,0,2026-05-04,2026-05-04,ok
2026-05-05T02:12:45.156060+00:00,24,2026-05-04,2026-05-05,ok
2026-05-05T05:37:45.872173+00:00,0,2026-05-03,2026-05-05,ok
2026-05-05T08:01:14.450755+00:00,0,2026-05-03,2026-05-05,ok
2026-05-05T08:11:34.794580+00:00,0,2026-05-03,2026-05-05,ok
2026-05-05T10:29:48.769022+00:00,0,2026-05-03,2026-05-05,ok
2026-05-05T11:56:34.919643+00:00,0,2026-05-03,2026-05-05,ok
2026-05-05T13:48:30.454968+00:00,0,2026-05-03,2026-05-05,ok
2026-05-05T15:49:53.556701+00:00,0,2026-05-03,2026-05-05,ok
2026-05-05T17:19:17.492890+00:00,0,2026-05-03,2026-05-05,ok
2026-05-05T19:11:07.351493+00:00,0,2026-05-03,2026-05-05,ok
2026-05-05T21:01:00.535795+00:00,0,2026-05-05,2026-05-05,ok
2026-05-05T22:51:34.935733+00:00,0,2026-05-05,2026-05-05,ok
2026-05-05T23:43:00.582140+00:00,0,2026-05-05,2026-05-05,ok
2026-05-06T02:14:11.005780+00:00,24,2026-05-05,2026-05-06,ok
2026-05-06T05:52:29.287253+00:00,0,2026-05-04,2026-05-06,ok
2026-05-06T08:15:02.543712+00:00,0,2026-05-04,2026-05-06,ok
2026-05-06T08:28:02.546924+00:00,0,2026-05-04,2026-05-06,ok
2026-05-06T11:01:54.143299+00:00,0,2026-05-04,2026-05-06,ok
2026-05-06T13:53:30.319839+00:00,0,2026-05-04,2026-05-06,ok
2026-05-06T17:47:08.006554+00:00,0,2026-05-04,2026-05-06,ok
2026-05-06T19:29:44.775773+00:00,0,2026-05-04,2026-05-06,ok
2026-05-06T21:06:28.666583+00:00,0,2026-05-06,2026-05-06,ok
2026-05-06T22:43:50.763661+00:00,0,2026-05-06,2026-05-06,ok
2026-05-06T23:44:18.204331+00:00,0,2026-05-06,2026-05-06,ok
2026-05-07T02:24:47.481303+00:00,24,2026-05-06,2026-05-07,ok
2026-05-07T05:56:55.730657+00:00,0,2026-05-05,2026-05-07,ok
2026-05-07T08:31:45.480159+00:00,0,2026-05-05,2026-05-07,ok
2026-05-07T08:35:35.032596+00:00,0,2026-05-05,2026-05-07,ok
2026-05-07T11:05:23.261577+00:00,0,2026-05-05,2026-05-07,ok
2026-05-07T13:52:33.696142+00:00,0,2026-05-05,2026-05-07,ok
2026-05-07T16:03:43.185842+00:00,0,2026-05-05,2026-05-07,ok
2026-05-07T18:20:24.338005+00:00,0,2026-05-05,2026-05-07,ok
2026-05-07T20:10:16.588089+00:00,0,2026-05-05,2026-05-07,ok
2026-05-07T21:51:58.212137+00:00,0,2026-05-07,2026-05-07,ok
2026-05-07T22:56:36.538569+00:00,0,2026-05-07,2026-05-07,ok
2026-05-07T23:51:15.120001+00:00,0,2026-05-07,2026-05-07,ok
2026-05-08T02:32:31.554338+00:00,24,2026-05-07,2026-05-08,ok
2026-05-08T05:25:48.959190+00:00,0,2026-05-06,2026-05-08,ok
2026-05-08T07:22:03.029578+00:00,0,2026-05-06,2026-05-08,ok
2026-05-08T07:43:36.768670+00:00,0,2026-05-06,2026-05-08,ok
2026-05-08T09:11:06.704627+00:00,0,2026-05-06,2026-05-08,ok
2026-05-08T11:07:51.077750+00:00,0,2026-05-06,2026-05-08,ok
2026-05-08T13:19:36.312730+00:00,0,2026-05-06,2026-05-08,ok
2026-05-08T15:17:19.222782+00:00,0,2026-05-06,2026-05-08,ok
2026-05-08T17:08:31.572670+00:00,0,2026-05-06,2026-05-08,ok
2026-05-08T19:09:23.994915+00:00,0,2026-05-06,2026-05-08,ok
2026-05-08T20:53:38.308935+00:00,0,2026-05-06,2026-05-08,ok
2026-05-08T21:55:10.373287+00:00,0,2026-05-08,2026-05-08,ok
2026-05-08T22:51:48.775308+00:00,0,2026-05-08,2026-05-08,ok
2026-05-08T23:52:37.933348+00:00,0,2026-05-08,2026-05-08,ok
2026-05-09T02:25:27.589922+00:00,24,2026-05-08,2026-05-09,ok
2026-05-09T05:44:15.642981+00:00,0,2026-05-07,2026-05-09,ok
2026-05-09T07:58:03.672625+00:00,0,2026-05-07,2026-05-09,ok
2026-05-09T09:13:37.911862+00:00,0,2026-05-07,2026-05-09,ok
2026-05-09T10:52:41.453881+00:00,0,2026-05-07,2026-05-09,ok
2026-05-09T11:44:44.578822+00:00,0,2026-05-07,2026-05-09,ok
2026-05-09T13:03:53.225398+00:00,0,2026-05-07,2026-05-09,ok
2026-05-09T14:44:42.434346+00:00,0,2026-05-07,2026-05-09,ok
2026-05-09T15:49:54.568378+00:00,0,2026-05-07,2026-05-09,ok
2026-05-09T16:45:50.941428+00:00,0,2026-05-07,2026-05-09,ok
2026-05-09T17:44:15.235462+00:00,0,2026-05-07,2026-05-09,ok
2026-05-09T18:52:29.458861+00:00,0,2026-05-07,2026-05-09,ok
2026-05-09T19:54:11.802245+00:00,0,2026-05-07,2026-05-09,ok
2026-05-09T20:38:44.294917+00:00,0,2026-05-07,2026-05-09,ok
2026-05-09T21:38:11.537611+00:00,0,2026-05-09,2026-05-09,ok
2026-05-09T22:37:00.179466+00:00,0,2026-05-09,2026-05-09,ok
2026-05-09T23:41:39.323209+00:00,0,2026-05-09,2026-05-09,ok
2026-05-10T02:28:11.743224+00:00,24,2026-05-09,2026-05-10,ok
2026-05-10T05:59:36.389902+00:00,0,2026-05-08,2026-05-10,ok
2026-05-10T08:09:10.858843+00:00,0,2026-05-08,2026-05-10,ok
2026-05-10T08:14:31.750422+00:00,0,2026-05-08,2026-05-10,ok
2026-05-10T10:09:08.145550+00:00,0,2026-05-08,2026-05-10,ok
2026-05-10T11:44:53.690010+00:00,0,2026-05-08,2026-05-10,ok
2026-05-10T13:05:46.869724+00:00,0,2026-05-08,2026-05-10,ok
2026-05-10T14:47:01.595581+00:00,0,2026-05-08,2026-05-10,ok
2026-05-10T15:47:01.769775+00:00,0,2026-05-08,2026-05-10,ok
2026-05-10T16:46:42.115217+00:00,0,2026-05-08,2026-05-10,ok
2026-05-10T17:44:51.139465+00:00,0,2026-05-08,2026-05-10,ok
2026-05-10T18:53:40.208902+00:00,0,2026-05-08,2026-05-10,ok
2026-05-10T19:56:21.013503+00:00,0,2026-05-08,2026-05-10,ok
2026-05-10T20:42:53.973214+00:00,0,2026-05-08,2026-05-10,ok
2026-05-10T21:41:55.861334+00:00,0,2026-05-10,2026-05-10,ok
2026-05-10T22:40:52.177920+00:00,0,2026-05-10,2026-05-10,ok
2026-05-10T23:44:38.008096+00:00,0,2026-05-10,2026-05-10,ok
2026-05-11T02:37:27.408989+00:00,24,2026-05-10,2026-05-11,ok
2026-05-11T06:33:57.454805+00:00,0,2026-05-09,2026-05-11,ok
2026-05-11T09:41:15.605161+00:00,0,2026-05-09,2026-05-11,ok
2026-05-11T10:33:06.714261+00:00,0,2026-05-09,2026-05-11,ok
2026-05-11T13:43:11.596301+00:00,0,2026-05-09,2026-05-11,ok
2026-05-11T16:28:11.151173+00:00,0,2026-05-09,2026-05-11,ok
2026-05-11T18:54:03.017520+00:00,0,2026-05-09,2026-05-11,ok
2026-05-11T22:01:41.390172+00:00,0,2026-05-11,2026-05-11,ok
2026-05-11T23:53:23.188921+00:00,0,2026-05-11,2026-05-11,ok
2026-05-12T02:30:38.024055+00:00,24,2026-05-11,2026-05-12,ok
2026-05-12T06:09:44.185792+00:00,0,2026-05-10,2026-05-12,ok
2026-05-12T08:41:28.578805+00:00,0,2026-05-10,2026-05-12,ok
2026-05-12T09:32:29.899835+00:00,0,2026-05-10,2026-05-12,ok
2026-05-12T11:49:32.975916+00:00,0,2026-05-10,2026-05-12,ok
2026-05-12T14:07:34.417179+00:00,0,2026-05-10,2026-05-12,ok
2026-05-12T17:05:36.869921+00:00,0,2026-05-10,2026-05-12,ok
2026-05-12T19:42:21.805407+00:00,0,2026-05-10,2026-05-12,ok
2026-05-12T21:14:14.424279+00:00,0,2026-05-12,2026-05-12,ok
2026-05-12T22:55:09.743754+00:00,0,2026-05-12,2026-05-12,ok
2026-05-12T23:55:48.591352+00:00,0,2026-05-12,2026-05-12,ok
2026-05-13T02:38:04.037338+00:00,24,2026-05-12,2026-05-13,ok
2026-05-13T06:22:41.059465+00:00,0,2026-05-11,2026-05-13,ok
2026-05-13T08:45:44.425371+00:00,0,2026-05-11,2026-05-13,ok
2026-05-13T09:39:51.398937+00:00,0,2026-05-11,2026-05-13,ok
2026-05-13T11:59:28.854204+00:00,0,2026-05-11,2026-05-13,ok
2026-05-13T14:45:34.127040+00:00,0,2026-05-11,2026-05-13,ok
2026-05-13T17:12:30.496936+00:00,0,2026-05-11,2026-05-13,ok
2026-05-13T19:46:53.662475+00:00,0,2026-05-11,2026-05-13,ok
2026-05-13T21:22:32.025225+00:00,0,2026-05-13,2026-05-13,ok
2026-05-13T23:01:28.411597+00:00,0,2026-05-13,2026-05-13,ok
2026-05-14T02:37:38.232742+00:00,24,2026-05-13,2026-05-14,ok
2026-05-14T06:19:46.284014+00:00,0,2026-05-12,2026-05-14,ok
2026-05-14T08:38:44.564033+00:00,0,2026-05-12,2026-05-14,ok
2026-05-14T09:30:06.183238+00:00,0,2026-05-12,2026-05-14,ok
2026-05-14T11:47:28.006706+00:00,0,2026-05-12,2026-05-14,ok
2026-05-14T13:55:49.304047+00:00,0,2026-05-12,2026-05-14,ok
2026-05-14T16:09:00.027217+00:00,0,2026-05-12,2026-05-14,ok
2026-05-14T18:50:09.265366+00:00,0,2026-05-12,2026-05-14,ok
2026-05-14T20:25:16.945118+00:00,0,2026-05-12,2026-05-14,ok
2026-05-14T22:05:25.209446+00:00,0,2026-05-14,2026-05-14,ok
2026-05-14T23:52:36.454398+00:00,0,2026-05-14,2026-05-14,ok
2026-05-15T02:38:12.884312+00:00,24,2026-05-14,2026-05-15,ok
2026-05-15T06:29:00.929354+00:00,0,2026-05-13,2026-05-15,ok
2026-05-15T08:50:02.051656+00:00,0,2026-05-13,2026-05-15,ok
2026-05-15T09:42:37.008656+00:00,0,2026-05-13,2026-05-15,ok
2026-05-15T11:51:01.799692+00:00,0,2026-05-13,2026-05-15,ok
2026-05-15T13:53:13.767447+00:00,0,2026-05-13,2026-05-15,ok
2026-05-15T16:01:05.493716+00:00,0,2026-05-13,2026-05-15,ok
2026-05-15T18:18:45.912153+00:00,0,2026-05-13,2026-05-15,ok
2026-05-15T20:12:06.395243+00:00,0,2026-05-13,2026-05-15,ok
2026-05-15T21:54:22.916378+00:00,0,2026-05-15,2026-05-15,ok
2026-05-15T22:50:26.889729+00:00,0,2026-05-15,2026-05-15,ok
2026-05-15T23:51:11.236850+00:00,0,2026-05-15,2026-05-15,ok
2026-05-16T02:28:06.086102+00:00,24,2026-05-15,2026-05-16,ok
2026-05-16T05:49:58.078126+00:00,0,2026-05-14,2026-05-16,ok
2026-05-16T07:56:05.242761+00:00,0,2026-05-14,2026-05-16,ok
2026-05-16T08:05:48.034692+00:00,0,2026-05-14,2026-05-16,ok
2026-05-16T09:26:46.948057+00:00,0,2026-05-14,2026-05-16,ok
2026-05-16T10:58:09.293016+00:00,0,2026-05-14,2026-05-16,ok
2026-05-16T11:52:42.969306+00:00,0,2026-05-14,2026-05-16,ok
2026-05-16T13:09:36.275048+00:00,0,2026-05-14,2026-05-16,ok
2026-05-16T14:51:21.967973+00:00,0,2026-05-14,2026-05-16,ok
2026-05-16T15:53:15.734123+00:00,0,2026-05-14,2026-05-16,ok
2026-05-16T16:53:10.562942+00:00,0,2026-05-14,2026-05-16,ok
2026-05-16T17:52:01.429211+00:00,0,2026-05-14,2026-05-16,ok
2026-05-16T18:56:41.543468+00:00,0,2026-05-14,2026-05-16,ok
2026-05-16T20:00:44.056907+00:00,0,2026-05-14,2026-05-16,ok
2026-05-16T21:42:45.084040+00:00,0,2026-05-16,2026-05-16,ok
2026-05-16T22:39:53.256311+00:00,0,2026-05-16,2026-05-16,ok
2026-05-16T23:45:53.165593+00:00,0,2026-05-16,2026-05-16,ok
2026-05-17T02:35:25.006294+00:00,24,2026-05-16,2026-05-17,ok
2026-05-17T06:18:04.675720+00:00,0,2026-05-15,2026-05-17,ok
2026-05-17T08:22:40.468794+00:00,0,2026-05-15,2026-05-17,ok
2026-05-17T09:00:47.313457+00:00,0,2026-05-15,2026-05-17,ok
2026-05-17T11:00:30.019387+00:00,0,2026-05-15,2026-05-17,ok
2026-05-17T12:02:48.682271+00:00,0,2026-05-15,2026-05-17,ok
2026-05-17T14:23:48.954004+00:00,0,2026-05-15,2026-05-17,ok
2026-05-17T15:54:17.849843+00:00,0,2026-05-15,2026-05-17,ok
2026-05-17T16:52:04.369855+00:00,0,2026-05-15,2026-05-17,ok
2026-05-17T17:54:20.027833+00:00,0,2026-05-15,2026-05-17,ok
2026-05-17T18:59:55.335575+00:00,0,2026-05-15,2026-05-17,ok
2026-05-17T20:06:44.292710+00:00,0,2026-05-15,2026-05-17,ok
2026-05-17T21:50:18.757772+00:00,0,2026-05-17,2026-05-17,ok
2026-05-17T22:48:04.709720+00:00,0,2026-05-17,2026-05-17,ok
2026-05-17T23:53:48.268328+00:00,0,2026-05-17,2026-05-17,ok
2026-05-18T02:45:35.004686+00:00,24,2026-05-17,2026-05-18,ok
2026-05-18T06:52:27.868696+00:00,0,2026-05-16,2026-05-18,ok
2026-05-18T10:05:47.396265+00:00,0,2026-05-16,2026-05-18,ok
2026-05-18T11:02:52.706183+00:00,0,2026-05-16,2026-05-18,ok
2026-05-18T15:17:01.064850+00:00,0,2026-05-16,2026-05-18,ok
2026-05-18T17:55:01.316232+00:00,0,2026-05-16,2026-05-18,ok
2026-05-18T19:30:19.013896+00:00,0,2026-05-16,2026-05-18,ok
2026-05-18T21:06:21.878057+00:00,0,2026-05-18,2026-05-18,ok
2026-05-18T22:55:16.883207+00:00,0,2026-05-18,2026-05-18,ok
2026-05-19T00:01:07.785775+00:00,24,2026-05-18,2026-05-19,ok
2026-05-19T04:55:38.681611+00:00,0,2026-05-17,2026-05-19,ok
2026-05-19T08:23:16.962713+00:00,0,2026-05-17,2026-05-19,ok
2026-05-19T09:44:09.294827+00:00,0,2026-05-17,2026-05-19,ok
2026-05-19T11:57:35.641278+00:00,0,2026-05-17,2026-05-19,ok
2026-05-19T15:20:12.078131+00:00,0,2026-05-17,2026-05-19,ok
2026-05-19T19:59:28.649343+00:00,0,2026-05-17,2026-05-19,ok
2026-05-19T21:24:11.407502+00:00,0,2026-05-19,2026-05-19,ok
2026-05-19T22:59:16.460290+00:00,0,2026-05-19,2026-05-19,ok
2026-05-20T00:11:24.077625+00:00,24,2026-05-19,2026-05-20,ok
2026-05-20T04:59:54.102035+00:00,0,2026-05-18,2026-05-20,ok
2026-05-20T08:30:54.617354+00:00,0,2026-05-18,2026-05-20,ok
2026-05-20T09:35:38.757545+00:00,0,2026-05-18,2026-05-20,ok
2026-05-20T11:45:33.188567+00:00,0,2026-05-18,2026-05-20,ok
2026-05-20T14:49:10.621738+00:00,0,2026-05-18,2026-05-20,ok
2026-05-20T17:51:32.612810+00:00,0,2026-05-18,2026-05-20,ok
2026-05-20T20:06:58.029084+00:00,0,2026-05-18,2026-05-20,ok
2026-05-20T22:21:49.512645+00:00,0,2026-05-20,2026-05-20,ok
2026-05-21T00:02:59.568880+00:00,24,2026-05-20,2026-05-21,ok
2026-05-21T05:05:43.950658+00:00,0,2026-05-19,2026-05-21,ok
2026-05-21T09:28:45.161276+00:00,0,2026-05-19,2026-05-21,ok
2026-05-21T09:42:12.938840+00:00,0,2026-05-19,2026-05-21,ok
2026-05-21T12:41:13.874481+00:00,0,2026-05-19,2026-05-21,ok
2026-05-21T16:13:37.989658+00:00,0,2026-05-19,2026-05-21,ok
2026-05-21T18:57:04.113411+00:00,0,2026-05-19,2026-05-21,ok
2026-05-21T20:53:33.880379+00:00,0,2026-05-19,2026-05-21,ok
2026-05-21T22:16:08.709982+00:00,0,2026-05-21,2026-05-21,ok
2026-05-21T23:57:24.270577+00:00,0,2026-05-21,2026-05-21,ok
2026-05-22T03:37:06.672038+00:00,24,2026-05-21,2026-05-22,ok
2026-05-22T07:38:55.940485+00:00,0,2026-05-20,2026-05-22,ok
2026-05-22T09:25:35.467667+00:00,0,2026-05-20,2026-05-22,ok
2026-05-22T10:45:01.052266+00:00,0,2026-05-20,2026-05-22,ok
2026-05-22T13:27:23.862371+00:00,0,2026-05-20,2026-05-22,ok
2026-05-22T16:20:54.625871+00:00,0,2026-05-20,2026-05-22,ok
2026-05-22T18:50:58.736515+00:00,0,2026-05-20,2026-05-22,ok
2026-05-22T20:30:17.619455+00:00,0,2026-05-20,2026-05-22,ok
2026-05-22T22:03:19.235239+00:00,0,2026-05-22,2026-05-22,ok
2026-05-23T00:01:11.240648+00:00,24,2026-05-22,2026-05-23,ok
2026-05-23T04:35:15.083231+00:00,0,2026-05-21,2026-05-23,ok
2026-05-23T07:27:30.498961+00:00,0,2026-05-21,2026-05-23,ok
2026-05-23T08:20:57.447267+00:00,0,2026-05-21,2026-05-23,ok
2026-05-23T09:46:13.342892+00:00,0,2026-05-21,2026-05-23,ok
2026-05-23T11:06:28.619761+00:00,0,2026-05-21,2026-05-23,ok
2026-05-23T13:11:51.748268+00:00,0,2026-05-21,2026-05-23,ok
2026-05-23T14:56:22.154558+00:00,0,2026-05-21,2026-05-23,ok
2026-05-23T16:00:18.345901+00:00,0,2026-05-21,2026-05-23,ok
2026-05-23T17:11:36.977064+00:00,0,2026-05-21,2026-05-23,ok
2026-05-23T19:01:42.670911+00:00,0,2026-05-21,2026-05-23,ok
2026-05-23T20:42:01.697985+00:00,0,2026-05-21,2026-05-23,ok
2026-05-23T21:49:37.524208+00:00,0,2026-05-23,2026-05-23,ok
2026-05-23T22:46:52.394476+00:00,0,2026-05-23,2026-05-23,ok
2026-05-23T23:52:53.455427+00:00,0,2026-05-23,2026-05-23,ok
2026-05-24T02:42:46.643658+00:00,24,2026-05-23,2026-05-24,ok
2026-05-24T06:33:09.700117+00:00,0,2026-05-22,2026-05-24,ok
2026-05-24T08:30:00.927570+00:00,0,2026-05-22,2026-05-24,ok
2026-05-24T09:18:05.219209+00:00,0,2026-05-22,2026-05-24,ok
2026-05-24T11:11:29.041276+00:00,0,2026-05-22,2026-05-24,ok
2026-05-24T13:12:18.731112+00:00,0,2026-05-22,2026-05-24,ok
2026-05-24T14:58:20.324379+00:00,0,2026-05-22,2026-05-24,ok
2026-05-24T16:02:27.888871+00:00,0,2026-05-22,2026-05-24,ok
2026-05-24T17:55:21.360450+00:00,0,2026-05-22,2026-05-24,ok
2026-05-24T19:09:07.939573+00:00,0,2026-05-22,2026-05-24,ok
2026-05-24T20:48:12.431551+00:00,0,2026-05-22,2026-05-24,ok
2026-05-24T21:51:48.598201+00:00,0,2026-05-24,2026-05-24,ok
2026-05-24T22:53:11.236273+00:00,0,2026-05-24,2026-05-24,ok
2026-05-24T23:55:29.159066+00:00,0,2026-05-24,2026-05-24,ok
2026-05-25T02:51:47.497943+00:00,24,2026-05-24,2026-05-25,ok
2026-05-25T07:09:44.550824+00:00,0,2026-05-23,2026-05-25,ok
2026-05-25T10:07:49.618067+00:00,0,2026-05-23,2026-05-25,ok
2026-05-25T11:48:57.164834+00:00,0,2026-05-23,2026-05-25,ok
2026-05-25T14:43:20.241991+00:00,0,2026-05-23,2026-05-25,ok
2026-05-25T17:03:42.564046+00:00,0,2026-05-23,2026-05-25,ok
2026-05-25T19:21:19.297811+00:00,0,2026-05-23,2026-05-25,ok
2026-05-25T21:00:33.954148+00:00,0,2026-05-25,2026-05-25,ok
2026-05-25T22:55:01.064052+00:00,0,2026-05-25,2026-05-25,ok
2026-05-26T00:01:22.638118+00:00,24,2026-05-25,2026-05-26,ok
2026-05-26T04:58:51.980471+00:00,0,2026-05-24,2026-05-26,ok
2026-05-26T08:34:04.073206+00:00,0,2026-05-24,2026-05-26,ok
2026-05-26T09:57:58.939771+00:00,0,2026-05-24,2026-05-26,ok
2026-05-26T15:50:27.182847+00:00,0,2026-05-24,2026-05-26,ok
2026-05-26T18:21:30.530600+00:00,0,2026-05-24,2026-05-26,ok
2026-05-26T20:51:36.729127+00:00,0,2026-05-24,2026-05-26,ok
2026-05-26T22:16:57.112531+00:00,0,2026-05-26,2026-05-26,ok
2026-05-27T00:00:07.857942+00:00,24,2026-05-26,2026-05-27,ok
2026-05-27T04:24:58.262131+00:00,0,2026-05-25,2026-05-27,ok
2026-05-27T08:36:20.342028+00:00,0,2026-05-25,2026-05-27,ok
2026-05-27T09:52:00.663107+00:00,0,2026-05-25,2026-05-27,ok
2026-05-27T16:34:26.093118+00:00,0,2026-05-25,2026-05-27,ok
2026-05-27T19:20:31.209129+00:00,0,2026-05-25,2026-05-27,ok
2026-05-27T21:49:01.171177+00:00,0,2026-05-27,2026-05-27,ok
2026-05-27T23:12:58.075894+00:00,0,2026-05-27,2026-05-27,ok
2026-05-28T02:37:50.712797+00:00,24,2026-05-27,2026-05-28,ok
2026-05-28T06:50:00.201078+00:00,0,2026-05-26,2026-05-28,ok
2026-05-28T10:03:27.090489+00:00,0,2026-05-26,2026-05-28,ok
2026-05-28T10:51:15.122815+00:00,0,2026-05-26,2026-05-28,ok
2026-05-28T14:34:40.528743+00:00,0,2026-05-26,2026-05-28,ok
2026-05-28T18:00:22.637807+00:00,0,2026-05-26,2026-05-28,ok
2026-05-28T20:33:14.386577+00:00,0,2026-05-26,2026-05-28,ok
2026-05-29T00:06:48.504019+00:00,24,2026-05-28,2026-05-29,ok
2026-05-29T05:10:17.591993+00:00,0,2026-05-27,2026-05-29,ok
2026-05-29T09:43:05.981336+00:00,0,2026-05-27,2026-05-29,ok
2026-05-29T09:58:54.346306+00:00,0,2026-05-27,2026-05-29,ok
2026-05-29T12:45:25.906499+00:00,0,2026-05-27,2026-05-29,ok
2026-05-29T16:40:22.257530+00:00,0,2026-05-27,2026-05-29,ok
2026-05-29T19:30:13.265010+00:00,0,2026-05-27,2026-05-29,ok
2026-05-29T21:49:33.722938+00:00,0,2026-05-29,2026-05-29,ok
2026-05-29T23:08:08.788733+00:00,0,2026-05-29,2026-05-29,ok
2026-05-30T02:35:39.433034+00:00,24,2026-05-29,2026-05-30,ok
2026-05-30T06:20:13.068885+00:00,0,2026-05-28,2026-05-30,ok
2026-05-30T08:28:45.376715+00:00,0,2026-05-28,2026-05-30,ok
2026-05-30T09:12:27.008948+00:00,0,2026-05-28,2026-05-30,ok
2026-05-30T11:16:21.113922+00:00,0,2026-05-28,2026-05-30,ok
2026-05-30T13:15:12.387369+00:00,0,2026-05-28,2026-05-30,ok
2026-05-30T15:02:01.487101+00:00,0,2026-05-28,2026-05-30,ok
2026-05-30T16:55:52.710199+00:00,0,2026-05-28,2026-05-30,ok
2026-05-30T18:00:49.090460+00:00,0,2026-05-28,2026-05-30,ok
2026-05-30T20:05:11.422338+00:00,0,2026-05-28,2026-05-30,ok
2026-05-30T21:56:10.779303+00:00,0,2026-05-30,2026-05-30,ok
2026-05-30T22:55:28.923264+00:00,0,2026-05-30,2026-05-30,ok
2026-05-30T23:57:28.570005+00:00,0,2026-05-30,2026-05-30,ok
2026-05-31T03:50:21.866651+00:00,24,2026-05-30,2026-05-31,ok
2026-05-31T07:40:59.884746+00:00,0,2026-05-29,2026-05-31,ok
2026-05-31T08:46:45.795734+00:00,0,2026-05-29,2026-05-31,ok
2026-05-31T10:10:15.585928+00:00,0,2026-05-29,2026-05-31,ok
2026-05-31T12:07:38.660436+00:00,0,2026-05-29,2026-05-31,ok
2026-05-31T14:27:41.022252+00:00,0,2026-05-29,2026-05-31,ok
2026-05-31T16:02:03.499255+00:00,0,2026-05-29,2026-05-31,ok
2026-05-31T17:56:38.702885+00:00,0,2026-05-29,2026-05-31,ok
2026-05-31T19:13:47.500641+00:00,0,2026-05-29,2026-05-31,ok
2026-05-31T20:53:20.256181+00:00,0,2026-05-29,2026-05-31,ok
2026-05-31T21:55:06.436595+00:00,0,2026-05-31,2026-05-31,ok
2026-05-31T22:55:54.022342+00:00,0,2026-05-31,2026-05-31,ok
2026-06-01T00:03:30.640745+00:00,24,2026-05-31,2026-06-01,ok
2026-06-01T05:56:55.003442+00:00,0,2026-05-30,2026-06-01,ok
2026-06-01T11:29:15.808353+00:00,0,2026-05-30,2026-06-01,ok
2026-06-01T11:35:33.109661+00:00,0,2026-05-30,2026-06-01,ok
2026-06-01T17:26:17.309377+00:00,0,2026-05-30,2026-06-01,ok
2026-06-01T21:25:09.360963+00:00,0,2026-06-01,2026-06-01,ok
2026-06-01T23:23:33.619274+00:00,0,2026-06-01,2026-06-01,ok
2026-06-02T02:58:15.402373+00:00,24,2026-06-01,2026-06-02,ok
2026-06-02T07:26:07.420094+00:00,0,2026-05-31,2026-06-02,ok
2026-06-02T10:24:30.405643+00:00,0,2026-05-31,2026-06-02,ok
2026-06-02T12:00:08.075207+00:00,0,2026-05-31,2026-06-02,ok
2026-06-02T16:47:07.448273+00:00,0,2026-05-31,2026-06-02,ok
2026-06-02T20:04:42.819423+00:00,0,2026-05-31,2026-06-02,ok
2026-06-02T22:58:13.061182+00:00,0,2026-06-02,2026-06-02,ok
2026-06-03T00:28:17.669392+00:00,24,2026-06-02,2026-06-03,ok
2026-06-03T05:59:26.076276+00:00,0,2026-06-01,2026-06-03,ok
2026-06-03T11:00:29.419785+00:00,0,2026-06-01,2026-06-03,ok
2026-06-03T11:09:18.412288+00:00,0,2026-06-01,2026-06-03,ok
2026-06-03T16:26:02.414651+00:00,0,2026-06-01,2026-06-03,ok
2026-06-03T20:15:02.844533+00:00,0,2026-06-01,2026-06-03,ok
2026-06-03T23:01:27.307136+00:00,0,2026-06-03,2026-06-03,ok
2026-06-04T03:27:39.878492+00:00,24,2026-06-03,2026-06-04,ok
2026-06-04T08:15:03.339790+00:00,0,2026-06-02,2026-06-04,ok
2026-06-04T09:56:59.491502+00:00,0,2026-06-02,2026-06-04,ok
2026-06-04T11:46:39.507721+00:00,0,2026-06-02,2026-06-04,ok
2026-06-04T14:44:55.642375+00:00,0,2026-06-02,2026-06-04,ok
2026-06-04T17:40:45.510755+00:00,0,2026-06-02,2026-06-04,ok
2026-06-04T19:57:48.448558+00:00,0,2026-06-02,2026-06-04,ok
2026-06-04T21:41:45.858836+00:00,0,2026-06-04,2026-06-04,ok
2026-06-04T23:04:46.901583+00:00,0,2026-06-04,2026-06-04,ok
2026-06-05T02:50:15.652696+00:00,24,2026-06-04,2026-06-05,ok
2026-06-05T07:04:01.564882+00:00,0,2026-06-03,2026-06-05,ok
2026-06-05T09:52:11.041473+00:00,0,2026-06-03,2026-06-05,ok
2026-06-05T14:35:48.989559+00:00,0,2026-06-03,2026-06-05,ok
2026-06-05T17:10:55.082562+00:00,0,2026-06-03,2026-06-05,ok
2026-06-05T19:46:55.153515+00:00,0,2026-06-03,2026-06-05,ok
2026-06-05T21:20:36.228035+00:00,0,2026-06-05,2026-06-05,ok
2026-06-05T23:02:02.818656+00:00,0,2026-06-05,2026-06-05,ok
2026-06-06T02:37:26.254936+00:00,24,2026-06-05,2026-06-06,ok
2026-06-06T06:24:57.994714+00:00,0,2026-06-04,2026-06-06,ok
2026-06-06T08:34:30.457004+00:00,0,2026-06-04,2026-06-06,ok
2026-06-06T09:21:55.287044+00:00,0,2026-06-04,2026-06-06,ok
2026-06-06T11:20:16.350834+00:00,0,2026-06-04,2026-06-06,ok
2026-06-06T13:19:20.100477+00:00,0,2026-06-04,2026-06-06,ok
2026-06-06T15:09:32.236352+00:00,0,2026-06-04,2026-06-06,ok
2026-06-06T17:05:18.488686+00:00,0,2026-06-04,2026-06-06,ok
2026-06-06T19:11:54.718316+00:00,0,2026-06-04,2026-06-06,ok
2026-06-06T20:58:01.679954+00:00,0,2026-06-04,2026-06-06,ok
2026-06-06T22:03:04.760609+00:00,0,2026-06-06,2026-06-06,ok
2026-06-06T23:59:25.079326+00:00,0,2026-06-06,2026-06-06,ok
2026-06-07T04:22:56.511352+00:00,24,2026-06-06,2026-06-07,ok
2026-06-07T08:20:19.649490+00:00,0,2026-06-05,2026-06-07,ok
2026-06-07T08:56:45.141183+00:00,0,2026-06-05,2026-06-07,ok
2026-06-07T11:04:30.704736+00:00,0,2026-06-05,2026-06-07,ok
2026-06-07T13:29:25.615122+00:00,0,2026-06-05,2026-06-07,ok
2026-06-07T15:19:52.652229+00:00,0,2026-06-05,2026-06-07,ok
2026-06-07T17:09:04.783128+00:00,0,2026-06-05,2026-06-07,ok
2026-06-07T19:13:00.730040+00:00,0,2026-06-05,2026-06-07,ok
2026-06-07T21:05:23.291678+00:00,0,2026-06-07,2026-06-07,ok
2026-06-07T22:59:15.211901+00:00,0,2026-06-07,2026-06-07,ok
2026-06-08T00:13:29.361301+00:00,24,2026-06-07,2026-06-08,ok
2026-06-08T05:26:40.293664+00:00,0,2026-06-06,2026-06-08,ok
2026-06-08T10:25:40.770318+00:00,0,2026-06-06,2026-06-08,ok
2026-06-08T10:57:14.499376+00:00,0,2026-06-06,2026-06-08,ok
2026-06-08T14:44:41.971175+00:00,0,2026-06-06,2026-06-08,ok
2026-06-08T17:47:42.735889+00:00,0,2026-06-06,2026-06-08,ok
2026-06-08T20:06:54.264952+00:00,0,2026-06-06,2026-06-08,ok
2026-06-08T22:22:04.839714+00:00,0,2026-06-08,2026-06-08,ok
2026-06-09T00:00:26.488400+00:00,24,2026-06-08,2026-06-09,ok
2026-06-09T04:14:21.799107+00:00,0,2026-06-07,2026-06-09,ok
2026-06-09T08:28:12.406454+00:00,0,2026-06-07,2026-06-09,ok
2026-06-09T09:45:05.274925+00:00,0,2026-06-07,2026-06-09,ok
2026-06-09T11:55:50.922813+00:00,0,2026-06-07,2026-06-09,ok
2026-06-09T14:38:34.059772+00:00,0,2026-06-07,2026-06-09,ok
2026-06-09T17:22:15.046644+00:00,0,2026-06-07,2026-06-09,ok
2026-06-09T20:01:08.319436+00:00,0,2026-06-07,2026-06-09,ok
2026-06-09T22:19:03.514094+00:00,0,2026-06-09,2026-06-09,ok
2026-06-10T00:07:08.545348+00:00,24,2026-06-09,2026-06-10,ok
2026-06-10T05:12:10.795339+00:00,0,2026-06-08,2026-06-10,ok
2026-06-10T09:45:01.642224+00:00,0,2026-06-08,2026-06-10,ok
2026-06-10T10:01:56.936548+00:00,0,2026-06-08,2026-06-10,ok
2026-06-10T12:51:08.285226+00:00,0,2026-06-08,2026-06-10,ok
2026-06-10T16:31:01.336745+00:00,0,2026-06-08,2026-06-10,ok
2026-06-10T19:30:34.612064+00:00,0,2026-06-08,2026-06-10,ok
2026-06-10T21:53:40.366688+00:00,0,2026-06-10,2026-06-10,ok
2026-06-10T23:21:35.410052+00:00,0,2026-06-10,2026-06-10,ok
2026-06-11T02:59:48.919607+00:00,24,2026-06-10,2026-06-11,ok
2026-06-11T16:48:11.069268+00:00,0,2026-06-09,2026-06-11,ok
2026-06-11T19:30:36.108988+00:00,0,2026-06-09,2026-06-11,ok
2026-06-11T21:56:53.347613+00:00,0,2026-06-11,2026-06-11,ok
2026-06-11T23:19:24.970370+00:00,0,2026-06-11,2026-06-11,ok
2026-06-12T02:56:55.891203+00:00,24,2026-06-11,2026-06-12,ok
2026-06-12T07:21:19.720034+00:00,0,2026-06-10,2026-06-12,ok
2026-06-12T10:15:03.360390+00:00,0,2026-06-10,2026-06-12,ok
2026-06-12T11:40:18.075713+00:00,0,2026-06-10,2026-06-12,ok
2026-06-12T14:45:34.437720+00:00,0,2026-06-10,2026-06-12,ok
2026-06-12T17:34:49.225411+00:00,0,2026-06-10,2026-06-12,ok
2026-06-12T20:01:52.281496+00:00,0,2026-06-10,2026-06-12,ok
2026-06-12T22:20:39.757251+00:00,0,2026-06-12,2026-06-12,ok
2026-06-13T00:16:16.123224+00:00,24,2026-06-12,2026-06-13,ok
2026-06-13T05:17:24.622126+00:00,0,2026-06-11,2026-06-13,ok
2026-06-13T08:51:04.369718+00:00,0,2026-06-11,2026-06-13,ok
2026-06-13T09:17:42.384242+00:00,0,2026-06-11,2026-06-13,ok
2026-06-13T11:10:53.399472+00:00,0,2026-06-11,2026-06-13,ok
2026-06-13T13:46:41.391567+00:00,0,2026-06-11,2026-06-13,ok
2026-06-13T15:28:57.867777+00:00,0,2026-06-11,2026-06-13,ok
2026-06-13T17:17:01.624891+00:00,0,2026-06-11,2026-06-13,ok
2026-06-13T19:16:14.427917+00:00,0,2026-06-11,2026-06-13,ok
2026-06-13T21:08:05.998058+00:00,0,2026-06-13,2026-06-13,ok
2026-06-13T22:59:03.552206+00:00,0,2026-06-13,2026-06-13,ok
2026-06-14T00:11:10.089187+00:00,24,2026-06-13,2026-06-14,ok
2026-06-14T05:27:33.215741+00:00,0,2026-06-12,2026-06-14,ok
2026-06-14T09:24:05.738828+00:00,0,2026-06-12,2026-06-14,ok
2026-06-14T09:35:28.263746+00:00,0,2026-06-12,2026-06-14,ok
2026-06-14T11:51:47.762779+00:00,0,2026-06-12,2026-06-14,ok
2026-06-14T13:49:31.306847+00:00,0,2026-06-12,2026-06-14,ok
2026-06-14T15:45:48.768948+00:00,0,2026-06-12,2026-06-14,ok
2026-06-14T17:14:29.841815+00:00,0,2026-06-12,2026-06-14,ok
2026-06-14T19:17:16.209952+00:00,0,2026-06-12,2026-06-14,ok
2026-06-14T21:04:47.785343+00:00,0,2026-06-14,2026-06-14,ok
2026-06-14T23:02:55.558486+00:00,0,2026-06-14,2026-06-14,ok
2026-06-15T03:34:42.866336+00:00,24,2026-06-14,2026-06-15,ok
2026-06-15T09:55:55.364500+00:00,0,2026-06-13,2026-06-15,ok
2026-06-15T12:15:31.538854+00:00,0,2026-06-13,2026-06-15,ok
2026-06-15T15:42:12.506002+00:00,0,2026-06-13,2026-06-15,ok
2026-06-15T19:42:04.542587+00:00,0,2026-06-13,2026-06-15,ok
2026-06-15T22:13:43.220266+00:00,0,2026-06-15,2026-06-15,ok
2026-06-16T00:26:33.223034+00:00,24,2026-06-15,2026-06-16,ok
2026-06-16T06:29:22.129569+00:00,0,2026-06-14,2026-06-16,ok
2026-06-16T11:11:50.361830+00:00,0,2026-06-14,2026-06-16,ok
2026-06-16T12:08:09.217607+00:00,0,2026-06-14,2026-06-16,ok
2026-06-16T17:59:45.425693+00:00,0,2026-06-14,2026-06-16,ok
2026-06-16T20:58:08.846087+00:00,0,2026-06-14,2026-06-16,ok
2026-06-16T22:53:29.997783+00:00,0,2026-06-16,2026-06-16,ok
2026-06-17T00:12:56.562369+00:00,24,2026-06-16,2026-06-17,ok
2026-06-17T06:05:55.444917+00:00,0,2026-06-15,2026-06-17,ok
2026-06-17T10:57:38.281848+00:00,0,2026-06-15,2026-06-17,ok
2026-06-17T11:43:08.654835+00:00,0,2026-06-15,2026-06-17,ok
2026-06-17T15:00:14.374747+00:00,0,2026-06-15,2026-06-17,ok
2026-06-17T17:51:12.946682+00:00,0,2026-06-15,2026-06-17,ok
2026-06-17T20:06:00.633138+00:00,0,2026-06-15,2026-06-17,ok
2026-06-17T22:43:07.994143+00:00,0,2026-06-17,2026-06-17,ok
2026-06-18T00:13:10.667813+00:00,24,2026-06-17,2026-06-18,ok
2026-06-18T05:51:40.329545+00:00,0,2026-06-16,2026-06-18,ok
2026-06-18T10:12:41.406408+00:00,0,2026-06-16,2026-06-18,ok
2026-06-18T10:21:24.658457+00:00,0,2026-06-16,2026-06-18,ok
2026-06-18T14:00:33.428523+00:00,0,2026-06-16,2026-06-18,ok
2026-06-18T17:19:26.413558+00:00,0,2026-06-16,2026-06-18,ok
2026-06-18T20:16:27.643370+00:00,0,2026-06-16,2026-06-18,ok
2026-06-18T22:54:07.761736+00:00,0,2026-06-18,2026-06-18,ok
2026-06-19T00:22:00.827796+00:00,24,2026-06-18,2026-06-19,ok
2026-06-19T06:11:36.787445+00:00,0,2026-06-17,2026-06-19,ok
2026-06-19T10:27:07.976941+00:00,0,2026-06-17,2026-06-19,ok
2026-06-19T11:16:39.137107+00:00,0,2026-06-17,2026-06-19,ok
2026-06-19T14:51:20.922861+00:00,0,2026-06-17,2026-06-19,ok
2026-06-19T17:13:36.059036+00:00,0,2026-06-17,2026-06-19,ok
2026-06-19T19:41:22.677240+00:00,0,2026-06-17,2026-06-19,ok
2026-06-19T21:04:15.416438+00:00,0,2026-06-19,2026-06-19,ok
2026-06-19T22:50:15.935899+00:00,0,2026-06-19,2026-06-19,ok
2026-06-20T00:04:17.249631+00:00,24,2026-06-19,2026-06-20,ok
2026-06-20T05:07:45.864340+00:00,0,2026-06-18,2026-06-20,ok
2026-06-20T08:46:31.429991+00:00,0,2026-06-18,2026-06-20,ok
2026-06-20T08:57:39.013123+00:00,0,2026-06-18,2026-06-20,ok
2026-06-20T11:11:57.906954+00:00,0,2026-06-18,2026-06-20,ok
2026-06-20T13:48:29.172792+00:00,0,2026-06-18,2026-06-20,ok
2026-06-20T15:42:32.942240+00:00,0,2026-06-18,2026-06-20,ok
2026-06-20T17:20:27.705806+00:00,0,2026-06-18,2026-06-20,ok
2026-06-20T19:16:21.649722+00:00,0,2026-06-18,2026-06-20,ok
2026-06-20T21:10:05.541665+00:00,0,2026-06-20,2026-06-20,ok
2026-06-20T23:02:09.881939+00:00,0,2026-06-20,2026-06-20,ok
2026-06-21T03:30:34.114106+00:00,24,2026-06-20,2026-06-21,ok
2026-06-21T08:23:33.207486+00:00,0,2026-06-19,2026-06-21,ok
2026-06-21T09:51:30.594217+00:00,0,2026-06-19,2026-06-21,ok
2026-06-21T11:41:08.155929+00:00,0,2026-06-19,2026-06-21,ok
2026-06-21T13:56:04.707264+00:00,0,2026-06-19,2026-06-21,ok
2026-06-21T15:49:00.868657+00:00,0,2026-06-19,2026-06-21,ok
2026-06-21T17:23:20.106473+00:00,0,2026-06-19,2026-06-21,ok
2026-06-21T19:22:08.786114+00:00,0,2026-06-19,2026-06-21,ok
2026-06-21T21:08:23.143329+00:00,0,2026-06-21,2026-06-21,ok
2026-06-21T23:06:07.586340+00:00,0,2026-06-21,2026-06-21,ok
2026-06-22T03:35:39.720230+00:00,24,2026-06-21,2026-06-22,ok
2026-06-22T09:43:06.949853+00:00,0,2026-06-20,2026-06-22,ok
2026-06-22T11:55:46.810872+00:00,0,2026-06-20,2026-06-22,ok
2026-06-22T15:18:21.381139+00:00,0,2026-06-20,2026-06-22,ok
2026-06-22T19:21:12.922715+00:00,0,2026-06-20,2026-06-22,ok
2026-06-22T21:58:16.023001+00:00,0,2026-06-22,2026-06-22,ok
2026-06-22T23:21:22.835302+00:00,0,2026-06-22,2026-06-22,ok
2026-06-23T02:41:43.614687+00:00,24,2026-06-22,2026-06-23,ok
2026-06-23T06:44:16.856462+00:00,0,2026-06-21,2026-06-23,ok
2026-06-23T09:40:10.860565+00:00,0,2026-06-21,2026-06-23,ok
2026-06-23T10:32:41.058928+00:00,0,2026-06-21,2026-06-23,ok
2026-06-23T13:40:53.032181+00:00,0,2026-06-21,2026-06-23,ok
2026-06-23T16:24:26.690418+00:00,0,2026-06-21,2026-06-23,ok
2026-06-23T19:06:37.017301+00:00,0,2026-06-21,2026-06-23,ok
2026-06-23T21:27:20.640415+00:00,0,2026-06-23,2026-06-23,ok
2026-06-23T23:03:36.685485+00:00,0,2026-06-23,2026-06-23,ok
2026-06-24T02:42:18.882175+00:00,24,2026-06-23,2026-06-24,ok
2026-06-24T06:41:32.000824+00:00,0,2026-06-22,2026-06-24,ok
2026-06-24T09:30:51.484153+00:00,0,2026-06-22,2026-06-24,ok
2026-06-24T10:17:25.531957+00:00,0,2026-06-22,2026-06-24,ok
2026-06-24T13:15:05.542271+00:00,0,2026-06-22,2026-06-24,ok
2026-06-24T16:13:21.864428+00:00,0,2026-06-22,2026-06-24,ok
2026-06-24T18:47:52.786314+00:00,0,2026-06-22,2026-06-24,ok
2026-06-24T20:44:02.073951+00:00,0,2026-06-22,2026-06-24,ok
2026-06-24T22:12:02.596464+00:00,0,2026-06-24,2026-06-24,ok
2026-06-25T00:04:09.242841+00:00,24,2026-06-24,2026-06-25,ok
2026-06-25T04:59:43.766977+00:00,0,2026-06-23,2026-06-25,ok
2026-06-25T08:26:17.719876+00:00,0,2026-06-23,2026-06-25,ok
2026-06-25T09:22:30.258690+00:00,0,2026-06-23,2026-06-25,ok
2026-06-25T11:35:50.470806+00:00,0,2026-06-23,2026-06-25,ok
2026-06-25T14:12:53.980438+00:00,0,2026-06-23,2026-06-25,ok
2026-06-25T17:07:20.536024+00:00,0,2026-06-23,2026-06-25,ok
2026-06-25T19:50:31.556792+00:00,0,2026-06-23,2026-06-25,ok
2026-06-25T21:26:28.206040+00:00,0,2026-06-25,2026-06-25,ok
2026-06-25T23:12:03.738317+00:00,0,2026-06-25,2026-06-25,ok
2026-06-26T02:46:57.171713+00:00,24,2026-06-25,2026-06-26,ok
2026-06-26T06:49:56.548173+00:00,0,2026-06-24,2026-06-26,ok
2026-06-26T09:28:19.155236+00:00,0,2026-06-24,2026-06-26,ok
2026-06-26T10:18:53.665031+00:00,0,2026-06-24,2026-06-26,ok
2026-06-26T13:06:39.722558+00:00,0,2026-06-24,2026-06-26,ok
2026-06-26T16:11:06.480232+00:00,0,2026-06-24,2026-06-26,ok
2026-06-26T18:26:30.031706+00:00,0,2026-06-24,2026-06-26,ok
2026-06-26T20:42:53.755448+00:00,0,2026-06-24,2026-06-26,ok
2026-06-26T22:07:06.878676+00:00,0,2026-06-26,2026-06-26,ok
2026-06-27T00:00:02.079282+00:00,24,2026-06-26,2026-06-27,ok
2026-06-27T04:01:24.228285+00:00,0,2026-06-25,2026-06-27,ok
2026-06-27T07:44:32.250839+00:00,0,2026-06-25,2026-06-27,ok
2026-06-27T08:36:42.836127+00:00,0,2026-06-25,2026-06-27,ok
2026-06-27T09:59:44.102607+00:00,0,2026-06-25,2026-06-27,ok
2026-06-27T11:39:30.422226+00:00,0,2026-06-25,2026-06-27,ok
2026-06-27T13:20:31.829701+00:00,0,2026-06-25,2026-06-27,ok
2026-06-27T15:12:16.838467+00:00,0,2026-06-25,2026-06-27,ok
2026-06-27T17:03:44.636613+00:00,0,2026-06-25,2026-06-27,ok
2026-06-27T20:54:49.281851+00:00,0,2026-06-25,2026-06-27,ok
2026-06-27T21:58:36.636129+00:00,0,2026-06-27,2026-06-27,ok
2026-06-27T23:04:11.792898+00:00,0,2026-06-27,2026-06-27,ok
2026-06-28T02:52:16.881055+00:00,24,2026-06-27,2026-06-28,ok
2026-06-28T06:58:59.283833+00:00,0,2026-06-26,2026-06-28,ok
2026-06-28T08:52:30.666711+00:00,0,2026-06-26,2026-06-28,ok
2026-06-28T10:05:19.503362+00:00,0,2026-06-26,2026-06-28,ok
2026-06-28T12:13:56.252799+00:00,0,2026-06-26,2026-06-28,ok
2026-06-28T14:44:59.065402+00:00,0,2026-06-26,2026-06-28,ok
2026-06-28T16:05:42.406039+00:00,0,2026-06-26,2026-06-28,ok
2026-06-28T18:01:04.905563+00:00,0,2026-06-26,2026-06-28,ok
2026-06-28T20:09:04.014516+00:00,0,2026-06-26,2026-06-28,ok
2026-06-28T21:58:22.323902+00:00,0,2026-06-28,2026-06-28,ok
2026-06-28T23:04:03.428830+00:00,0,2026-06-28,2026-06-28,ok
2026-06-29T02:52:37.775719+00:00,24,2026-06-28,2026-06-29,ok
2026-06-29T07:25:45.051229+00:00,0,2026-06-27,2026-06-29,ok
2026-06-29T11:00:55.565297+00:00,0,2026-06-27,2026-06-29,ok
2026-06-29T12:26:34.755814+00:00,0,2026-06-27,2026-06-29,ok
2026-06-29T16:35:51.689643+00:00,0,2026-06-27,2026-06-29,ok
2026-06-29T19:00:55.935668+00:00,0,2026-06-27,2026-06-29,ok
2026-06-29T21:20:21.562500+00:00,0,2026-06-29,2026-06-29,ok
2026-06-29T22:50:35.295781+00:00,0,2026-06-29,2026-06-29,ok
2026-06-29T23:58:13.995181+00:00,0,2026-06-29,2026-06-29,ok
2026-06-30T03:48:00.831702+00:00,24,2026-06-29,2026-06-30,ok
2026-06-30T07:47:39.316228+00:00,0,2026-06-28,2026-06-30,ok
2026-06-30T09:37:04.879669+00:00,0,2026-06-28,2026-06-30,ok
2026-06-30T10:52:05.561080+00:00,0,2026-06-28,2026-06-30,ok
2026-06-30T13:07:20.569108+00:00,0,2026-06-28,2026-06-30,ok
2026-06-30T16:19:21.436146+00:00,0,2026-06-28,2026-06-30,ok
2026-06-30T18:52:56.083887+00:00,0,2026-06-28,2026-06-30,ok
2026-06-30T20:54:37.616402+00:00,0,2026-06-28,2026-06-30,ok
2026-06-30T22:12:15.996810+00:00,0,2026-06-30,2026-06-30,ok
2026-07-01T00:02:17.610049+00:00,24,2026-06-30,2026-07-01,ok
2026-07-01T05:18:01.265534+00:00,0,2026-06-29,2026-07-01,ok
2026-07-01T09:35:41.803535+00:00,0,2026-06-29,2026-07-01,ok
2026-07-01T09:47:57.043825+00:00,0,2026-06-29,2026-07-01,ok
2026-07-01T12:30:02.428211+00:00,0,2026-06-29,2026-07-01,ok
2026-07-01T15:37:11.385498+00:00,0,2026-06-29,2026-07-01,ok
2026-07-01T17:49:36.114248+00:00,0,2026-06-29,2026-07-01,ok
2026-07-01T19:44:46.327511+00:00,0,2026-06-29,2026-07-01,ok
2026-07-01T21:22:15.519362+00:00,0,2026-07-01,2026-07-01,ok
2026-07-01T23:07:42.554103+00:00,0,2026-07-01,2026-07-01,ok
2026-07-02T02:42:26.597031+00:00,24,2026-07-01,2026-07-02,ok
2026-07-02T06:35:40.353651+00:00,0,2026-06-30,2026-07-02,ok
2026-07-02T08:57:23.222119+00:00,0,2026-06-30,2026-07-02,ok
2026-07-02T09:56:38.217196+00:00,0,2026-06-30,2026-07-02,ok
2026-07-02T12:07:41.926870+00:00,0,2026-06-30,2026-07-02,ok
2026-07-02T15:10:04.602174+00:00,0,2026-06-30,2026-07-02,ok
2026-07-02T17:40:22.066507+00:00,0,2026-06-30,2026-07-02,ok
2026-07-02T19:15:44.326913+00:00,0,2026-06-30,2026-07-02,ok
2026-07-02T20:58:12.053282+00:00,0,2026-06-30,2026-07-02,ok
2026-07-02T22:08:01.121311+00:00,0,2026-07-02,2026-07-02,ok
2026-07-03T00:00:18.169736+00:00,24,2026-07-02,2026-07-03,ok
2026-07-03T06:57:22.136180+00:00,0,2026-07-01,2026-07-03,ok
2026-07-03T09:18:50.878443+00:00,0,2026-07-01,2026-07-03,ok
2026-07-03T09:57:22.196060+00:00,0,2026-07-01,2026-07-03,ok
2026-07-03T12:08:40.394801+00:00,0,2026-07-01,2026-07-03,ok
2026-07-03T15:05:30.521659+00:00,0,2026-07-01,2026-07-03,ok
2026-07-03T17:18:24.713883+00:00,0,2026-07-01,2026-07-03,ok
2026-07-03T19:10:11.633913+00:00,0,2026-07-01,2026-07-03,ok
2026-07-03T20:57:35.394688+00:00,0,2026-07-01,2026-07-03,ok
2026-07-03T22:04:06.147631+00:00,0,2026-07-03,2026-07-03,ok
2026-07-04T03:33:57.946898+00:00,24,2026-07-03,2026-07-04,ok
2026-07-04T06:42:47.375086+00:00,0,2026-07-02,2026-07-04,ok
2026-07-04T08:37:43.525349+00:00,0,2026-07-02,2026-07-04,ok
2026-07-04T09:18:00.701787+00:00,0,2026-07-02,2026-07-04,ok
2026-07-04T11:21:37.835229+00:00,0,2026-07-02,2026-07-04,ok
2026-07-04T13:10:25.462300+00:00,0,2026-07-02,2026-07-04,ok
2026-07-04T15:01:15.071388+00:00,0,2026-07-02,2026-07-04,ok
2026-07-04T16:57:59.234476+00:00,0,2026-07-02,2026-07-04,ok
2026-07-04T18:01:38.668131+00:00,0,2026-07-02,2026-07-04,ok
2026-07-04T20:05:43.638816+00:00,0,2026-07-02,2026-07-04,ok
2026-07-04T21:53:14.991441+00:00,0,2026-07-04,2026-07-04,ok
2026-07-04T22:52:50.686204+00:00,0,2026-07-04,2026-07-04,ok
2026-07-04T23:56:38.694636+00:00,0,2026-07-04,2026-07-04,ok
2026-07-05T02:48:05.938186+00:00,24,2026-07-04,2026-07-05,ok
2026-07-05T06:35:23.834390+00:00,0,2026-07-03,2026-07-05,ok
2026-07-05T08:53:21.959441+00:00,0,2026-07-03,2026-07-05,ok
2026-07-05T09:38:46.972902+00:00,0,2026-07-03,2026-07-05,ok
2026-07-05T11:26:07.017939+00:00,0,2026-07-03,2026-07-05,ok
2026-07-05T13:18:45.736942+00:00,0,2026-07-03,2026-07-05,ok
2026-07-05T15:09:17.665002+00:00,0,2026-07-03,2026-07-05,ok
2026-07-05T17:02:15.085048+00:00,0,2026-07-03,2026-07-05,ok
2026-07-05T19:07:23.674927+00:00,0,2026-07-03,2026-07-05,ok
2026-07-05T20:51:59.027079+00:00,0,2026-07-03,2026-07-05,ok
2026-07-05T21:56:20.514325+00:00,0,2026-07-05,2026-07-05,ok
2026-07-05T22:58:35.160101+00:00,0,2026-07-05,2026-07-05,ok
2026-07-06T00:09:14.367065+00:00,24,2026-07-05,2026-07-06,ok
2026-07-06T05:06:05.332439+00:00,0,2026-07-04,2026-07-06,ok
2026-07-06T10:04:46.469302+00:00,0,2026-07-04,2026-07-06,ok
2026-07-06T10:22:48.299538+00:00,0,2026-07-04,2026-07-06,ok
2026-07-06T14:22:02.972241+00:00,0,2026-07-04,2026-07-06,ok
2026-07-06T17:38:09.180814+00:00,0,2026-07-04,2026-07-06,ok
2026-07-06T19:47:51.255282+00:00,0,2026-07-04,2026-07-06,ok
2026-07-06T21:24:06.588847+00:00,0,2026-07-06,2026-07-06,ok
2026-07-06T23:01:52.241388+00:00,0,2026-07-06,2026-07-06,ok
2026-07-07T02:32:10.789960+00:00,24,2026-07-06,2026-07-07,ok
2026-07-07T06:40:24.054225+00:00,0,2026-07-05,2026-07-07,ok
2026-07-07T09:41:54.254521+00:00,0,2026-07-05,2026-07-07,ok
2026-07-07T10:21:29.223360+00:00,0,2026-07-05,2026-07-07,ok
2026-07-07T13:14:15.765480+00:00,0,2026-07-05,2026-07-07,ok
2026-07-07T16:23:46.157849+00:00,0,2026-07-05,2026-07-07,ok
2026-07-07T18:57:44.011601+00:00,0,2026-07-05,2026-07-07,ok
2026-07-07T20:49:43.175405+00:00,0,2026-07-05,2026-07-07,ok
2026-07-07T22:07:41.789536+00:00,0,2026-07-07,2026-07-07,ok
2026-07-07T23:53:22.327729+00:00,0,2026-07-07,2026-07-07,ok
2026-07-08T02:06:21.525562+00:00,24,2026-07-07,2026-07-08,ok
2026-07-08T05:45:06.597855+00:00,0,2026-07-06,2026-07-08,ok
2026-07-08T08:15:14.414033+00:00,0,2026-07-06,2026-07-08,ok
2026-07-08T08:29:11.507318+00:00,0,2026-07-06,2026-07-08,ok
2026-07-08T10:58:48.057245+00:00,0,2026-07-06,2026-07-08,ok
2026-07-08T12:22:39.720095+00:00,0,2026-07-06,2026-07-08,ok
2026-07-08T15:13:56.692313+00:00,0,2026-07-06,2026-07-08,ok
2026-07-08T17:23:43.751866+00:00,0,2026-07-06,2026-07-08,ok
2026-07-08T19:15:15.669890+00:00,0,2026-07-06,2026-07-08,ok
2026-07-08T21:00:36.860374+00:00,0,2026-07-08,2026-07-08,ok
2026-07-08T22:13:52.010563+00:00,0,2026-07-08,2026-07-08,ok
2026-07-09T00:04:26.722519+00:00,24,2026-07-08,2026-07-09,ok
2026-07-09T04:50:59.641870+00:00,0,2026-07-07,2026-07-09,ok
2026-07-09T08:22:52.120677+00:00,0,2026-07-07,2026-07-09,ok
2026-07-09T09:40:54.029316+00:00,0,2026-07-07,2026-07-09,ok
2026-07-09T11:51:25.735851+00:00,0,2026-07-07,2026-07-09,ok
2026-07-09T14:43:33.443386+00:00,0,2026-07-07,2026-07-09,ok
2026-07-09T17:16:23.573007+00:00,0,2026-07-07,2026-07-09,ok
2026-07-09T19:28:57.689846+00:00,0,2026-07-07,2026-07-09,ok
2026-07-09T21:17:31.139756+00:00,0,2026-07-09,2026-07-09,ok
2026-07-09T23:06:03.623155+00:00,0,2026-07-09,2026-07-09,ok
2026-07-10T02:26:03.370882+00:00,24,2026-07-09,2026-07-10,ok
2026-07-10T06:38:40.471204+00:00,0,2026-07-08,2026-07-10,ok
2026-07-10T09:35:40.233493+00:00,0,2026-07-08,2026-07-10,ok
2026-07-10T10:18:32.900391+00:00,0,2026-07-08,2026-07-10,ok
2026-07-10T13:07:58.981540+00:00,0,2026-07-08,2026-07-10,ok
2026-07-10T16:21:16.369779+00:00,0,2026-07-08,2026-07-10,ok
2026-07-10T18:19:18.416101+00:00,0,2026-07-08,2026-07-10,ok
2026-07-10T20:17:45.225422+00:00,0,2026-07-08,2026-07-10,ok
2026-07-10T21:56:07.831276+00:00,0,2026-07-10,2026-07-10,ok
2026-07-10T22:56:22.633232+00:00,0,2026-07-10,2026-07-10,ok
2026-07-10T23:55:02.430761+00:00,0,2026-07-10,2026-07-10,ok
2026-07-11T02:04:05.603647+00:00,24,2026-07-10,2026-07-11,ok
2026-07-11T05:34:43.011674+00:00,0,2026-07-09,2026-07-11,ok
2026-07-11T07:45:53.123479+00:00,0,2026-07-09,2026-07-11,ok
2026-07-11T07:56:14.069366+00:00,0,2026-07-09,2026-07-11,ok
2026-07-11T09:21:57.115964+00:00,0,2026-07-09,2026-07-11,ok
2026-07-11T10:59:05.540884+00:00,0,2026-07-09,2026-07-11,ok
2026-07-11T11:55:20.614964+00:00,0,2026-07-09,2026-07-11,ok
2026-07-11T13:04:43.004905+00:00,0,2026-07-09,2026-07-11,ok
2026-07-11T14:47:01.788053+00:00,0,2026-07-09,2026-07-11,ok
2026-07-11T15:49:44.879049+00:00,0,2026-07-09,2026-07-11,ok
2026-07-11T16:49:23.093223+00:00,0,2026-07-09,2026-07-11,ok
2026-07-11T17:50:31.567425+00:00,0,2026-07-09,2026-07-11,ok
2026-07-11T18:52:41.259493+00:00,0,2026-07-09,2026-07-11,ok
2026-07-11T20:02:27.867027+00:00,0,2026-07-09,2026-07-11,ok
2026-07-11T21:42:57.480960+00:00,0,2026-07-11,2026-07-11,ok
2026-07-11T22:40:48.467666+00:00,0,2026-07-11,2026-07-11,ok
2026-07-11T23:48:44.642926+00:00,0,2026-07-11,2026-07-11,ok
2026-07-12T02:07:48.058965+00:00,24,2026-07-11,2026-07-12,ok
2026-07-12T05:51:01.372005+00:00,0,2026-07-10,2026-07-12,ok
2026-07-12T08:06:44.117243+00:00,0,2026-07-10,2026-07-12,ok
2026-07-12T08:18:36.867297+00:00,0,2026-07-10,2026-07-12,ok
2026-07-12T10:21:39.773082+00:00,0,2026-07-10,2026-07-12,ok
2026-07-12T11:54:11.062584+00:00,0,2026-07-10,2026-07-12,ok
2026-07-12T14:50:42.418205+00:00,0,2026-07-10,2026-07-12,ok
2026-07-12T15:53:57.779972+00:00,0,2026-07-10,2026-07-12,ok
2026-07-12T16:53:03.587571+00:00,0,2026-07-10,2026-07-12,ok
2026-07-12T17:55:06.992111+00:00,0,2026-07-10,2026-07-12,ok
2026-07-12T18:57:24.095086+00:00,0,2026-07-10,2026-07-12,ok
2026-07-12T20:05:48.041716+00:00,0,2026-07-10,2026-07-12,ok
2026-07-12T21:42:23.918051+00:00,0,2026-07-12,2026-07-12,ok
2026-07-12T22:41:00.268895+00:00,0,2026-07-12,2026-07-12,ok
2026-07-12T23:46:29.861035+00:00,0,2026-07-12,2026-07-12,ok
2026-07-13T02:09:23.527599+00:00,24,2026-07-12,2026-07-13,ok
2026-07-13T06:09:13.579805+00:00,0,2026-07-11,2026-07-13,ok
2026-07-13T09:27:49.755466+00:00,0,2026-07-11,2026-07-13,ok
2026-07-13T10:19:10.461488+00:00,0,2026-07-11,2026-07-13,ok
2026-07-13T13:15:27.800534+00:00,0,2026-07-11,2026-07-13,ok
2026-07-13T16:25:44.134370+00:00,0,2026-07-11,2026-07-13,ok
2026-07-13T18:28:38.277344+00:00,0,2026-07-11,2026-07-13,ok
2026-07-13T20:08:38.834329+00:00,0,2026-07-11,2026-07-13,ok
2026-07-13T21:50:51.184756+00:00,0,2026-07-13,2026-07-13,ok
2026-07-13T22:50:56.347522+00:00,0,2026-07-13,2026-07-13,ok
2026-07-13T23:48:32.990043+00:00,0,2026-07-13,2026-07-13,ok
2026-07-14T01:54:46.618699+00:00,24,2026-07-13,2026-07-14,ok
2026-07-14T04:46:59.712842+00:00,0,2026-07-12,2026-07-14,ok
2026-07-14T07:07:23.819698+00:00,0,2026-07-12,2026-07-14,ok
2026-07-14T08:05:21.710357+00:00,0,2026-07-12,2026-07-14,ok
2026-07-14T09:51:36.521714+00:00,0,2026-07-12,2026-07-14,ok
2026-07-14T11:21:38.950154+00:00,0,2026-07-12,2026-07-14,ok
2026-07-14T13:19:35.746615+00:00,0,2026-07-12,2026-07-14,ok
2026-07-14T15:19:46.798302+00:00,0,2026-07-12,2026-07-14,ok
2026-07-14T17:07:52.062542+00:00,0,2026-07-12,2026-07-14,ok
2026-07-14T19:09:27.697800+00:00,0,2026-07-12,2026-07-14,ok
2026-07-14T20:54:05.327155+00:00,0,2026-07-12,2026-07-14,ok
2026-07-14T21:52:49.836879+00:00,0,2026-07-14,2026-07-14,ok
2026-07-14T22:52:39.955392+00:00,0,2026-07-14,2026-07-14,ok
2026-07-14T23:46:56.793874+00:00,0,2026-07-14,2026-07-14,ok
2026-07-15T01:51:38.592462+00:00,24,2026-07-14,2026-07-15,ok
2026-07-15T04:46:36.997646+00:00,0,2026-07-13,2026-07-15,ok
2026-07-15T07:10:26.473511+00:00,0,2026-07-13,2026-07-15,ok
2026-07-15T08:10:36.197113+00:00,0,2026-07-13,2026-07-15,ok
2026-07-15T09:55:55.520601+00:00,0,2026-07-13,2026-07-15,ok
2026-07-15T11:26:00.887225+00:00,0,2026-07-13,2026-07-15,ok
2026-07-15T13:23:16.816862+00:00,0,2026-07-13,2026-07-15,ok
2026-07-15T15:22:19.196004+00:00,0,2026-07-13,2026-07-15,ok
2026-07-15T17:10:35.210434+00:00,0,2026-07-13,2026-07-15,ok
2026-07-15T19:01:29.169616+00:00,0,2026-07-13,2026-07-15,ok
2026-07-15T20:53:23.923118+00:00,0,2026-07-13,2026-07-15,ok
2026-07-15T21:53:24.342527+00:00,0,2026-07-15,2026-07-15,ok
2026-07-15T22:53:50.294485+00:00,0,2026-07-15,2026-07-15,ok
2026-07-15T23:54:06.307314+00:00,0,2026-07-15,2026-07-15,ok
2026-07-16T02:02:10.858571+00:00,24,2026-07-15,2026-07-16,ok
2026-07-16T05:33:52.767450+00:00,0,2026-07-14,2026-07-16,ok
2026-07-16T08:02:16.164159+00:00,0,2026-07-14,2026-07-16,ok
2026-07-16T08:13:46.336102+00:00,0,2026-07-14,2026-07-16,ok
2026-07-16T10:52:49.259570+00:00,0,2026-07-14,2026-07-16,ok
2026-07-16T12:16:44.239860+00:00,0,2026-07-14,2026-07-16,ok
2026-07-16T14:55:14.518139+00:00,0,2026-07-14,2026-07-16,ok
2026-07-16T16:13:33.772037+00:00,0,2026-07-14,2026-07-16,ok
2026-07-16T18:01:03.135804+00:00,0,2026-07-14,2026-07-16,ok
2026-07-16T19:58:17.015272+00:00,0,2026-07-14,2026-07-16,ok
2026-07-16T20:59:46.226618+00:00,0,2026-07-14,2026-07-16,ok
2026-07-16T22:06:45.751329+00:00,0,2026-07-16,2026-07-16,ok
2026-07-16T23:53:31.426511+00:00,0,2026-07-16,2026-07-16,ok
2026-07-17T02:05:31.960918+00:00,24,2026-07-16,2026-07-17,ok
2026-07-17T05:35:40.920382+00:00,0,2026-07-15,2026-07-17,ok
2026-07-17T07:59:07.384005+00:00,0,2026-07-15,2026-07-17,ok
2026-07-17T08:10:05.831814+00:00,0,2026-07-15,2026-07-17,ok
2026-07-17T10:01:18.853325+00:00,0,2026-07-15,2026-07-17,ok
2026-07-17T12:03:59.585243+00:00,0,2026-07-15,2026-07-17,ok
2026-07-17T14:27:34.286056+00:00,0,2026-07-15,2026-07-17,ok
2026-07-17T16:09:41.267152+00:00,0,2026-07-15,2026-07-17,ok
2026-07-17T17:59:41.447220+00:00,0,2026-07-15,2026-07-17,ok
2026-07-17T19:17:30.145207+00:00,0,2026-07-15,2026-07-17,ok
2026-07-17T20:46:28.546871+00:00,0,2026-07-15,2026-07-17,ok
2026-07-17T21:44:49.990462+00:00,0,2026-07-17,2026-07-17,ok
2026-07-17T22:42:28.717814+00:00,0,2026-07-17,2026-07-17,ok
2026-07-17T23:46:16.634851+00:00,0,2026-07-17,2026-07-17,ok
2026-07-18T01:54:48.238282+00:00,24,2026-07-17,2026-07-18,ok
2026-07-18T04:44:29.733420+00:00,0,2026-07-16,2026-07-18,ok
2026-07-18T06:57:24.505944+00:00,0,2026-07-16,2026-07-18,ok
2026-07-18T07:50:23.950200+00:00,0,2026-07-16,2026-07-18,ok
2026-07-18T08:47:41.495430+00:00,0,2026-07-16,2026-07-18,ok
2026-07-18T10:14:06.292330+00:00,0,2026-07-16,2026-07-18,ok
2026-07-18T11:49:36.801468+00:00,0,2026-07-16,2026-07-18,ok
2026-07-18T13:00:42.562498+00:00,0,2026-07-16,2026-07-18,ok
2026-07-18T14:45:08.176227+00:00,0,2026-07-16,2026-07-18,ok
2026-07-18T15:50:24.113825+00:00,0,2026-07-16,2026-07-18,ok
2026-07-18T16:50:43.188109+00:00,0,2026-07-16,2026-07-18,ok
2026-07-18T17:51:53.983584+00:00,0,2026-07-16,2026-07-18,ok
2026-07-18T18:54:21.025881+00:00,0,2026-07-16,2026-07-18,ok
2026-07-18T20:01:59.172556+00:00,0,2026-07-16,2026-07-18,ok
2026-07-18T21:43:53.132879+00:00,0,2026-07-18,2026-07-18,ok
2026-07-18T22:42:42.996247+00:00,0,2026-07-18,2026-07-18,ok
2026-07-18T23:47:14.662010+00:00,0,2026-07-18,2026-07-18,ok
2026-07-19T02:05:45.419266+00:00,24,2026-07-18,2026-07-19,ok
2026-07-19T05:45:28.531931+00:00,0,2026-07-17,2026-07-19,ok
2026-07-19T08:06:18.396445+00:00,0,2026-07-17,2026-07-19,ok
2026-07-19T08:19:15.528325+00:00,0,2026-07-17,2026-07-19,ok
2026-07-19T10:21:56.804105+00:00,0,2026-07-17,2026-07-19,ok
2026-07-19T11:51:33.194967+00:00,0,2026-07-17,2026-07-19,ok
2026-07-19T13:03:01.259146+00:00,0,2026-07-17,2026-07-19,ok
2026-07-19T14:49:36.247063+00:00,0,2026-07-17,2026-07-19,ok
2026-07-19T15:51:58.551994+00:00,0,2026-07-17,2026-07-19,ok
2026-07-19T16:51:23.020425+00:00,0,2026-07-17,2026-07-19,ok
2026-07-19T17:53:25.452446+00:00,0,2026-07-17,2026-07-19,ok
2026-07-19T18:57:48.493005+00:00,0,2026-07-17,2026-07-19,ok
2026-07-19T20:05:56.653956+00:00,0,2026-07-17,2026-07-19,ok
2026-07-19T21:44:38.407689+00:00,0,2026-07-19,2026-07-19,ok
2026-07-19T22:44:34.750806+00:00,0,2026-07-19,2026-07-19,ok
2026-07-19T23:52:04.911141+00:00,0,2026-07-19,2026-07-19,ok
2026-07-20T03:24:01.538736+00:00,24,2026-07-19,2026-07-20,ok
2026-07-20T06:11:53.448706+00:00,0,2026-07-18,2026-07-20,ok
2026-07-20T08:58:34.135794+00:00,0,2026-07-18,2026-07-20,ok
2026-07-20T09:53:50.322693+00:00,0,2026-07-18,2026-07-20,ok
2026-07-20T12:12:06.897768+00:00,0,2026-07-18,2026-07-20,ok
2026-07-20T15:05:52.450836+00:00,0,2026-07-18,2026-07-20,ok
2026-07-20T17:31:42.614706+00:00,0,2026-07-18,2026-07-20,ok
2026-07-20T19:36:32.607663+00:00,0,2026-07-18,2026-07-20,ok
2026-07-20T21:05:19.935947+00:00,0,2026-07-20,2026-07-20,ok
2026-07-20T22:53:23.194567+00:00,0,2026-07-20,2026-07-20,ok
2026-07-20T23:52:26.205706+00:00,0,2026-07-20,2026-07-20,ok
2026-07-21T02:04:37.313305+00:00,24,2026-07-20,2026-07-21,ok
2026-07-21T05:43:56.924452+00:00,0,2026-07-19,2026-07-21,ok
2026-07-21T08:15:00.572916+00:00,0,2026-07-19,2026-07-21,ok
2026-07-21T08:29:08.676475+00:00,0,2026-07-19,2026-07-21,ok
2026-07-21T11:02:23.850646+00:00,0,2026-07-19,2026-07-21,ok
2026-07-21T13:24:45.087213+00:00,0,2026-07-19,2026-07-21,ok
2026-07-21T15:38:37.637789+00:00,0,2026-07-19,2026-07-21,ok
2026-07-21T17:10:08.757639+00:00,0,2026-07-19,2026-07-21,ok
2026-07-21T19:09:54.127491+00:00,0,2026-07-19,2026-07-21,ok
2026-07-21T21:00:46.247925+00:00,0,2026-07-21,2026-07-21,ok
2026-07-21T22:48:52.979698+00:00,0,2026-07-21,2026-07-21,ok
2026-07-21T23:52:14.556881+00:00,0,2026-07-21,2026-07-21,ok
2026-07-22T02:03:06.455135+00:00,24,2026-07-21,2026-07-22,ok
2026-07-22T05:43:06.773413+00:00,0,2026-07-20,2026-07-22,ok
2026-07-22T08:15:24.869869+00:00,0,2026-07-20,2026-07-22,ok
2026-07-22T08:29:27.266920+00:00,0,2026-07-20,2026-07-22,ok
2026-07-22T11:02:26.165165+00:00,0,2026-07-20,2026-07-22,ok
2026-07-22T13:29:06.129499+00:00,0,2026-07-20,2026-07-22,ok
2026-07-22T15:27:59.209023+00:00,0,2026-07-20,2026-07-22,ok
2026-07-22T17:10:39.947379+00:00,0,2026-07-20,2026-07-22,ok
2026-07-22T19:03:53.148933+00:00,0,2026-07-20,2026-07-22,ok
2026-07-22T20:58:54.859345+00:00,0,2026-07-20,2026-07-22,ok
2026-07-22T22:05:49.455968+00:00,0,2026-07-22,2026-07-22,ok
2026-07-22T23:57:18.714145+00:00,0,2026-07-22,2026-07-22,ok
2026-07-23T02:36:49.715741+00:00,24,2026-07-22,2026-07-23,ok
2026-07-23T05:48:00.257911+00:00,0,2026-07-21,2026-07-23,ok
2026-07-23T08:20:02.964762+00:00,0,2026-07-21,2026-07-23,ok
2026-07-23T08:30:23.513382+00:00,0,2026-07-21,2026-07-23,ok
2026-07-23T11:04:25.919974+00:00,0,2026-07-21,2026-07-23,ok
2026-07-23T13:41:59.937936+00:00,0,2026-07-21,2026-07-23,ok
2026-07-23T15:50:54.591429+00:00,0,2026-07-21,2026-07-23,ok
2026-07-23T17:13:33.017464+00:00,0,2026-07-21,2026-07-23,ok
2026-07-23T19:05:18.174034+00:00,0,2026-07-21,2026-07-23,ok
2026-07-23T20:55:51.414594+00:00,0,2026-07-21,2026-07-23,ok
2026-07-23T22:00:33.175097+00:00,0,2026-07-23,2026-07-23,ok
2026-07-23T23:04:23.143928+00:00,0,2026-07-23,2026-07-23,ok
2026-07-24T02:06:11.903873+00:00,24,2026-07-23,2026-07-24,ok
2026-07-24T05:44:09.600267+00:00,0,2026-07-22,2026-07-24,ok
2026-07-24T08:14:39.768450+00:00,0,2026-07-22,2026-07-24,ok
2026-07-24T08:27:47.491712+00:00,0,2026-07-22,2026-07-24,ok
2026-07-24T10:57:48.445207+00:00,0,2026-07-22,2026-07-24,ok
2026-07-24T12:18:50.670559+00:00,0,2026-07-22,2026-07-24,ok
2026-07-24T14:49:34.233083+00:00,0,2026-07-22,2026-07-24,ok
2026-07-24T16:35:05.066170+00:00,0,2026-07-22,2026-07-24,ok
2026-07-24T18:14:18.643839+00:00,0,2026-07-22,2026-07-24,ok
2026-07-24T20:15:30.582531+00:00,0,2026-07-22,2026-07-24,ok
2026-07-24T21:59:39.259045+00:00,0,2026-07-24,2026-07-24,ok
2026-07-24T23:05:37.331886+00:00,0,2026-07-24,2026-07-24,ok
2026-07-25T02:05:19.825114+00:00,24,2026-07-24,2026-07-25,ok
2026-07-25T05:38:12.183941+00:00,0,2026-07-23,2026-07-25,ok
2026-07-25T07:57:04.686826+00:00,0,2026-07-23,2026-07-25,ok
2026-07-25T08:06:45.107442+00:00,0,2026-07-23,2026-07-25,ok
2026-07-25T09:44:27.186245+00:00,0,2026-07-23,2026-07-25,ok
2026-07-25T11:04:56.760534+00:00,0,2026-07-23,2026-07-25,ok
2026-07-25T13:11:16.713128+00:00,0,2026-07-23,2026-07-25,ok
2026-07-25T14:57:38.893193+00:00,0,2026-07-23,2026-07-25,ok
2026-07-25T16:03:44.053143+00:00,0,2026-07-23,2026-07-25,ok
2026-07-25T17:54:08.143785+00:00,0,2026-07-23,2026-07-25,ok
2026-07-25T18:58:49.562994+00:00,0,2026-07-23,2026-07-25,ok
2026-07-25T20:12:25.058113+00:00,0,2026-07-23,2026-07-25,ok
2026-07-25T21:48:36.754535+00:00,0,2026-07-25,2026-07-25,ok
2026-07-25T22:47:31.964273+00:00,0,2026-07-25,2026-07-25,ok
2026-07-25T23:54:43.422056+00:00,0,2026-07-25,2026-07-25,ok
2026-07-26T02:10:10.020937+00:00,24,2026-07-25,2026-07-26,ok
2026-07-26T05:54:38.957021+00:00,0,2026-07-24,2026-07-26,ok
2026-07-26T08:14:55.980797+00:00,0,2026-07-24,2026-07-26,ok
2026-07-26T08:26:28.641745+00:00,0,2026-07-24,2026-07-26,ok
2026-07-26T10:39:39.581769+00:00,0,2026-07-24,2026-07-26,ok
2026-07-26T11:58:17.889594+00:00,0,2026-07-24,2026-07-26,ok
2026-07-26T13:24:08.351708+00:00,0,2026-07-24,2026-07-26,ok
2026-07-26T14:59:17.467583+00:00,0,2026-07-24,2026-07-26,ok
2026-07-26T16:04:12.541070+00:00,0,2026-07-24,2026-07-26,ok
2026-07-26T17:57:48.260019+00:00,0,2026-07-24,2026-07-26,ok
2026-07-26T19:09:20.300960+00:00,0,2026-07-24,2026-07-26,ok
2026-07-26T20:50:09.411301+00:00,0,2026-07-24,2026-07-26,ok
2026-07-26T21:53:27.111865+00:00,0,2026-07-26,2026-07-26,ok
2026-07-26T22:54:28.976505+00:00,0,2026-07-26,2026-07-26,ok
2026-07-26T23:55:10.385251+00:00,0,2026-07-26,2026-07-26,ok
2026-07-27T02:23:33.961887+00:00,24,2026-07-26,2026-07-27,ok
2026-07-27T06:22:38.584352+00:00,0,2026-07-25,2026-07-27,ok
2026-07-27T09:52:24.187450+00:00,0,2026-07-25,2026-07-27,ok
2026-07-27T10:36:12.580076+00:00,0,2026-07-25,2026-07-27,ok
2026-07-27T13:35:09.465320+00:00,0,2026-07-25,2026-07-27,ok
2026-07-27T16:11:42.139891+00:00,0,2026-07-25,2026-07-27,ok
2026-07-27T18:20:56.861573+00:00,0,2026-07-25,2026-07-27,ok
2026-07-27T20:17:46.145662+00:00,0,2026-07-25,2026-07-27,ok
2026-07-27T22:00:04.813526+00:00,0,2026-07-27,2026-07-27,ok
2026-07-27T23:10:36.070961+00:00,0,2026-07-27,2026-07-27,ok
2026-07-28T01:58:35.101098+00:00,24,2026-07-27,2026-07-28,ok
2026-07-28T05:16:54.734912+00:00,0,2026-07-26,2026-07-28,ok
2026-07-28T08:23:20.730263+00:00,0,2026-07-26,2026-07-28,ok
2026-07-28T08:34:27.068678+00:00,0,2026-07-26,2026-07-28,ok
2026-07-28T11:11:37.644139+00:00,0,2026-07-26,2026-07-28,ok
2026-07-28T13:50:12.625371+00:00,0,2026-07-26,2026-07-28,ok
2026-07-28T16:01:12.041449+00:00,0,2026-07-26,2026-07-28,ok
2026-07-28T18:08:24.138933+00:00,0,2026-07-26,2026-07-28,ok
2026-07-28T20:12:10.072950+00:00,0,2026-07-26,2026-07-28,ok
2026-07-28T21:58:00.636516+00:00,0,2026-07-28,2026-07-28,ok
2026-07-28T22:59:16.163104+00:00,0,2026-07-28,2026-07-28,ok
2026-07-29T00:00:19.914060+00:00,24,2026-07-28,2026-07-29,ok
2026-07-29T03:19:14.484208+00:00,0,2026-07-27,2026-07-29,ok
2026-07-29T06:26:06.172714+00:00,0,2026-07-27,2026-07-29,ok
2026-07-29T08:40:46.506492+00:00,0,2026-07-27,2026-07-29,ok
2026-07-29T09:33:58.994307+00:00,0,2026-07-27,2026-07-29,ok
2026-07-29T11:57:25.565433+00:00,0,2026-07-27,2026-07-29,ok
2026-07-29T14:06:46.652139+00:00,0,2026-07-27,2026-07-29,ok
2026-07-29T16:17:10.912837+00:00,0,2026-07-27,2026-07-29,ok
2026-07-29T18:02:59.075285+00:00,0,2026-07-27,2026-07-29,ok
2026-07-29T20:08:38.190529+00:00,0,2026-07-27,2026-07-29,ok
2026-07-29T21:54:33.761312+00:00,0,2026-07-29,2026-07-29,ok
2026-07-29T22:55:54.705281+00:00,0,2026-07-29,2026-07-29,ok
2026-07-29T23:57:05.526843+00:00,0,2026-07-29,2026-07-29,ok
2026-07-30T02:09:59.397730+00:00,24,2026-07-29,2026-07-30,ok
2026-07-30T05:34:10.905090+00:00,0,2026-07-28,2026-07-30,ok
2026-07-30T08:13:34.726418+00:00,0,2026-07-28,2026-07-30,ok
2026-07-30T08:26:59.219322+00:00,0,2026-07-28,2026-07-30,ok
2026-07-30T11:01:31.139650+00:00,0,2026-07-28,2026-07-30,ok
2026-07-30T13:45:00.188247+00:00,0,2026-07-28,2026-07-30,ok
2026-07-30T15:47:11.105683+00:00,0,2026-07-28,2026-07-30,ok
2026-07-30T17:19:38.056298+00:00,0,2026-07-28,2026-07-30,ok
2026-07-30T19:16:10.244768+00:00,0,2026-07-28,2026-07-30,ok
2026-07-30T21:01:05.886335+00:00,0,2026-07-30,2026-07-30,ok
2026-07-30T22:59:01.201710+00:00,0,2026-07-30,2026-07-30,ok
2026-07-31T00:04:47.800768+00:00,24,2026-07-30,2026-07-31,ok
2026-07-31T04:18:16.021037+00:00,0,2026-07-29,2026-07-31,ok
2026-07-31T07:46:41.975526+00:00,0,2026-07-29,2026-07-31,ok
2026-07-31T08:49:41.975420+00:00,0,2026-07-29,2026-07-31,ok
2026-07-31T10:31:44.907696+00:00,0,2026-07-29,2026-07-31,ok
2026-07-31T12:51:38.409881+00:00,0,2026-07-29,2026-07-31,ok
2026-07-31T15:14:20.189994+00:00,0,2026-07-29,2026-07-31,ok
2026-07-31T17:23:01.152985+00:00,0,2026-07-29,2026-07-31,ok
2026-07-31T19:15:09.889427+00:00,0,2026-07-29,2026-07-31,ok
2026-07-31T20:58:09.182054+00:00,0,2026-07-29,2026-07-31,ok
2026-07-31T22:06:16.626465+00:00,0,2026-07-31,2026-07-31,ok
2026-07-31T23:56:40.969270+00:00,0,2026-07-31,2026-07-31,ok
2026-08-01T02:26:13.267801+00:00,24,2026-07-31,2026-08-01,ok
2026-08-01T05:49:41.746442+00:00,0,2026-07-30,2026-08-01,ok
2026-08-01T08:10:17.943783+00:00,0,2026-07-30,2026-08-01,ok
2026-08-01T08:21:09.783879+00:00,0,2026-07-30,2026-08-01,ok
2026-08-01T10:30:25.927068+00:00,0,2026-07-30,2026-08-01,ok
2026-08-01T11:58:28.332587+00:00,0,2026-07-30,2026-08-01,ok
2026-08-01T13:23:52.624107+00:00,0,2026-07-30,2026-08-01,ok
2026-08-01T14:55:21.169701+00:00,0,2026-07-30,2026-08-01,ok
2026-08-01T15:56:22.666228+00:00,0,2026-07-30,2026-08-01,ok
2026-08-01T16:55:28.630978+00:00,0,2026-07-30,2026-08-01,ok
2026-08-01T17:56:36.884497+00:00,0,2026-07-30,2026-08-01,ok
2026-08-01T19:03:48.812569+00:00,0,2026-07-30,2026-08-01,ok
2026-08-01T20:42:46.809375+00:00,0,2026-07-30,2026-08-01,ok
2026-08-01T21:48:39.243290+00:00,0,2026-08-01,2026-08-01,ok
2026-08-01T22:48:01.507223+00:00,0,2026-08-01,2026-08-01,ok
2026-08-01T23:52:09.137847+00:00,0,2026-08-01,2026-08-01,ok
2026-08-02T02:09:00.030226+00:00,24,2026-08-01,2026-08-02,ok
2026-08-02T05:50:24.102132+00:00,0,2026-07-31,2026-08-02,ok
2026-08-02T08:11:47.616297+00:00,0,2026-07-31,2026-08-02,ok
2026-08-02T08:24:15.043905+00:00,0,2026-07-31,2026-08-02,ok
2026-08-02T10:28:49.968788+00:00,0,2026-07-31,2026-08-02,ok
2026-08-02T11:57:18.179766+00:00,0,2026-07-31,2026-08-02,ok
2026-08-02T13:17:13.775892+00:00,0,2026-07-31,2026-08-02,ok
2026-08-02T14:56:58.355530+00:00,0,2026-07-31,2026-08-02,ok
2026-08-02T15:58:57.175049+00:00,0,2026-07-31,2026-08-02,ok
2026-08-02T17:01:59.977201+00:00,0,2026-07-31,2026-08-02,ok
2026-08-02T19:00:37.688418+00:00,0,2026-07-31,2026-08-02,ok
2026-08-02T20:46:19.367984+00:00,0,2026-07-31,2026-08-02,ok
2026-08-02T21:49:19.201546+00:00,0,2026-08-02,2026-08-02,ok
2026-08-02T22:49:56.208370+00:00,0,2026-08-02,2026-08-02,ok
2026-08-02T23:53:11.919315+00:00,0,2026-08-02,2026-08-02,ok
2026-08-03T02:11:12.183986+00:00,24,2026-08-02,2026-08-03,ok
2026-08-03T06:14:32.855054+00:00,0,2026-08-01,2026-08-03,ok
2026-08-03T09:45:27.857776+00:00,0,2026-08-01,2026-08-03,ok
2026-08-03T10:36:28.256644+00:00,0,2026-08-01,2026-08-03,ok
2026-08-03T13:35:39.478523+00:00,0,2026-08-01,2026-08-03,ok
2026-08-03T16:17:36.515215+00:00,0,2026-08-01,2026-08-03,ok
2026-08-03T18:45:48.878594+00:00,0,2026-08-01,2026-08-03,ok
2026-08-03T20:22:33.065162+00:00,0,2026-08-01,2026-08-03,ok
2026-08-03T22:02:16.896968+00:00,0,2026-08-03,2026-08-03,ok
2026-08-04T00:02:59.906400+00:00,24,2026-08-03,2026-08-04,ok
2026-08-04T04:07:38.282032+00:00,0,2026-08-02,2026-08-04,ok
2026-08-04T07:32:51.956743+00:00,0,2026-08-02,2026-08-04,ok
2026-08-04T08:36:29.769467+00:00,0,2026-08-02,2026-08-04,ok
2026-08-04T10:30:58.289827+00:00,0,2026-08-02,2026-08-04,ok
2026-08-04T12:55:00.667031+00:00,0,2026-08-02,2026-08-04,ok
2026-08-04T15:20:51.425898+00:00,0,2026-08-02,2026-08-04,ok
2026-08-04T17:38:57.965750+00:00,0,2026-08-02,2026-08-04,ok
2026-08-04T19:22:23.558712+00:00,0,2026-08-02,2026-08-04,ok
2026-08-04T21:05:09.898526+00:00,0,2026-08-04,2026-08-04,ok
2026-08-04T22:56:52.614085+00:00,0,2026-08-04,2026-08-04,ok
2026-08-05T02:55:32.795813+00:00,24,2026-08-04,2026-08-05,ok
2026-08-05T05:40:55.449811+00:00,0,2026-08-03,2026-08-05,ok
2026-08-05T08:26:07.328444+00:00,0,2026-08-03,2026-08-05,ok
2026-08-05T08:35:43.351746+00:00,0,2026-08-03,2026-08-05,ok
2026-08-05T11:15:18.492567+00:00,0,2026-08-03,2026-08-05,ok
2026-08-05T13:52:37.777597+00:00,0,2026-08-03,2026-08-05,ok
2026-08-05T15:57:56.375213+00:00,0,2026-08-03,2026-08-05,ok
2026-08-05T17:37:17.610279+00:00,0,2026-08-03,2026-08-05,ok
2026-08-05T19:20:57.119054+00:00,0,2026-08-03,2026-08-05,ok
2026-08-05T21:01:15.362476+00:00,0,2026-08-05,2026-08-05,ok
2026-08-05T22:52:43.901082+00:00,0,2026-08-05,2026-08-05,ok
2026-08-05T23:54:38.249513+00:00,0,2026-08-05,2026-08-05,ok
2026-08-06T01:59:40.889216+00:00,24,2026-08-05,2026-08-06,ok
2026-08-06T05:21:36.486599+00:00,0,2026-08-04,2026-08-06,ok
2026-08-06T08:23:45.730381+00:00,0,2026-08-04,2026-08-06,ok
2026-08-06T08:35:46.809148+00:00,0,2026-08-04,2026-08-06,ok
2026-08-06T11:14:54.644747+00:00,0,2026-08-04,2026-08-06,ok
2026-08-06T13:50:16.770794+00:00,0,2026-08-04,2026-08-06,ok
2026-08-07T00:37:42.617297+00:00,24,2026-08-06,2026-08-07,ok
2026-08-07T03:45:28.210175+00:00,0,2026-08-05,2026-08-07,ok
2026-08-07T05:30:40.086185+00:00,0,2026-08-05,2026-08-07,ok
2026-08-07T07:04:45.546692+00:00,0,2026-08-05,2026-08-07,ok
2026-08-07T07:15:26.664089+00:00,0,2026-08-05,2026-08-07,ok
2026-08-07T08:51:04.937326+00:00,0,2026-08-05,2026-08-07,ok
2026-08-07T09:55:06.494790+00:00,0,2026-08-05,2026-08-07,ok
2026-08-07T10:46:14.754002+00:00,0,2026-08-05,2026-08-07,ok
2026-08-07T11:40:13.481959+00:00,0,2026-08-05,2026-08-07,ok
2026-08-07T12:48:33.185273+00:00,0,2026-08-05,2026-08-07,ok
2026-08-07T14:07:53.286990+00:00,0,2026-08-05,2026-08-07,ok
2026-08-07T15:50:16.461881+00:00,0,2026-08-05,2026-08-07,ok
2026-08-07T16:46:21.758934+00:00,0,2026-08-05,2026-08-07,ok
2026-08-07T17:43:09.123276+00:00,0,2026-08-05,2026-08-07,ok
2026-08-07T18:45:16.396233+00:00,0,2026-08-05,2026-08-07,ok
2026-08-07T19:47:44.913650+00:00,0,2026-08-05,2026-08-07,ok
2026-08-07T20:33:56.916785+00:00,0,2026-08-05,2026-08-07,ok
2026-08-07T21:33:11.714900+00:00,0,2026-08-07,2026-08-07,ok
2026-08-07T22:28:40.948957+00:00,0,2026-08-07,2026-08-07,ok
2026-08-07T23:28:00.132259+00:00,0,2026-08-07,2026-08-07,ok
2026-08-08T01:07:45.202268+00:00,24,2026-08-07,2026-08-08,ok
2026-08-08T03:19:33.657112+00:00,0,2026-08-06,2026-08-08,ok
2026-08-08T04:50:34.774974+00:00,0,2026-08-06,2026-08-08,ok
2026-08-08T05:37:26.945726+00:00,0,2026-08-06,2026-08-08,ok
2026-08-08T06:40:29.069466+00:00,0,2026-08-06,2026-08-08,ok
2026-08-08T06:52:57.593514+00:00,0,2026-08-06,2026-08-08,ok
2026-08-08T07:43:20.039776+00:00,0,2026-08-06,2026-08-08,ok
2026-08-08T08:32:57.240908+00:00,0,2026-08-06,2026-08-08,ok
2026-08-08T09:30:56.325501+00:00,0,2026-08-06,2026-08-08,ok
2026-08-08T10:24:49.204730+00:00,0,2026-08-06,2026-08-08,ok
2026-08-08T11:22:12.774795+00:00,0,2026-08-06,2026-08-08,ok
2026-08-08T12:34:24.597393+00:00,0,2026-08-06,2026-08-08,ok
2026-08-08T13:40:35.671133+00:00,0,2026-08-06,2026-08-08,ok
2026-08-08T14:25:41.027480+00:00,0,2026-08-06,2026-08-08,ok
2026-08-08T15:22:56.421449+00:00,0,2026-08-06,2026-08-08,ok
2026-08-08T16:25:06.155975+00:00,0,2026-08-06,2026-08-08,ok
2026-08-08T17:23:36.115604+00:00,0,2026-08-06,2026-08-08,ok
2026-08-08T18:27:23.846311+00:00,0,2026-08-06,2026-08-08,ok
2026-08-08T19:23:53.602849+00:00,0,2026-08-06,2026-08-08,ok
2026-08-08T20:21:26.836080+00:00,0,2026-08-06,2026-08-08,ok
2026-08-08T21:23:31.967619+00:00,0,2026-08-08,2026-08-08,ok
2026-08-08T22:21:57.973479+00:00,0,2026-08-08,2026-08-08,ok
2026-08-08T23:21:41.806131+00:00,0,2026-08-08,2026-08-08,ok
2026-08-09T01:12:34.799036+00:00,24,2026-08-08,2026-08-09,ok
2026-08-09T03:27:53.927828+00:00,0,2026-08-07,2026-08-09,ok
2026-08-09T04:58:21.110007+00:00,0,2026-08-07,2026-08-09,ok
2026-08-09T05:47:25.192966+00:00,0,2026-08-07,2026-08-09,ok
2026-08-09T06:44:03.874876+00:00,0,2026-08-07,2026-08-09,ok
2026-08-09T06:56:36.277467+00:00,0,2026-08-07,2026-08-09,ok
2026-08-09T07:48:57.596830+00:00,0,2026-08-07,2026-08-09,ok
2026-08-09T08:34:37.305273+00:00,0,2026-08-07,2026-08-09,ok
2026-08-09T09:33:04.728242+00:00,0,2026-08-07,2026-08-09,ok
2026-08-09T10:26:33.892176+00:00,0,2026-08-07,2026-08-09,ok
2026-08-09T11:22:46.211286+00:00,0,2026-08-07,2026-08-09,ok
2026-08-09T12:37:17.055535+00:00,0,2026-08-07,2026-08-09,ok
2026-08-09T13:43:50.789231+00:00,0,2026-08-07,2026-08-09,ok
2026-08-09T14:28:20.605151+00:00,0,2026-08-07,2026-08-09,ok
2026-08-09T15:24:26.940127+00:00,0,2026-08-07,2026-08-09,ok
2026-08-09T16:26:33.578689+00:00,0,2026-08-07,2026-08-09,ok
2026-08-09T17:24:59.366711+00:00,0,2026-08-07,2026-08-09,ok
2026-08-09T18:31:01.137668+00:00,0,2026-08-07,2026-08-09,ok
2026-08-09T19:27:42.440683+00:00,0,2026-08-07,2026-08-09,ok
2026-08-09T20:24:14.283287+00:00,0,2026-08-07,2026-08-09,ok
2026-08-09T21:25:00.191240+00:00,0,2026-08-09,2026-08-09,ok
2026-08-09T22:23:12.456425+00:00,0,2026-08-09,2026-08-09,ok
2026-08-09T23:24:23.162605+00:00,0,2026-08-09,2026-08-09,ok
2026-08-10T01:14:34.193230+00:00,24,2026-08-09,2026-08-10,ok
2026-08-10T03:47:48.391254+00:00,0,2026-08-08,2026-08-10,ok
2026-08-10T05:20:15.748174+00:00,0,2026-08-08,2026-08-10,ok
2026-08-10T07:18:55.127954+00:00,0,2026-08-08,2026-08-10,ok
2026-08-10T07:41:20.147794+00:00,0,2026-08-08,2026-08-10,ok
2026-08-10T09:12:31.417538+00:00,0,2026-08-08,2026-08-10,ok
2026-08-10T11:01:55.408718+00:00,0,2026-08-08,2026-08-10,ok
2026-08-10T12:54:12.047648+00:00,0,2026-08-08,2026-08-10,ok
2026-08-10T14:17:00.798161+00:00,0,2026-08-08,2026-08-10,ok
2026-08-10T15:54:27.726962+00:00,0,2026-08-08,2026-08-10,ok
2026-08-10T16:47:28.326886+00:00,0,2026-08-08,2026-08-10,ok
2026-08-10T17:46:04.934527+00:00,0,2026-08-08,2026-08-10,ok
2026-08-10T18:47:38.580247+00:00,0,2026-08-08,2026-08-10,ok
2026-08-10T19:51:03.147717+00:00,0,2026-08-08,2026-08-10,ok
2026-08-10T20:35:04.589062+00:00,0,2026-08-08,2026-08-10,ok
2026-08-10T21:35:15.416727+00:00,0,2026-08-10,2026-08-10,ok
2026-08-10T22:30:30.505706+00:00,0,2026-08-10,2026-08-10,ok
2026-08-10T23:28:18.467957+00:00,0,2026-08-10,2026-08-10,ok
2026-08-11T01:13:10.588012+00:00,24,2026-08-10,2026-08-11,ok
2026-08-11T05:01:10.831789+00:00,0,2026-08-09,2026-08-11,ok
2026-08-11T06:55:34.417137+00:00,0,2026-08-09,2026-08-11,ok
2026-08-11T07:07:28.485605+00:00,0,2026-08-09,2026-08-11,ok
2026-08-11T08:06:51.716614+00:00,0,2026-08-09,2026-08-11,ok
2026-08-11T09:54:53.328691+00:00,0,2026-08-09,2026-08-11,ok
2026-08-11T10:44:44.827368+00:00,0,2026-08-09,2026-08-11,ok
2026-08-11T11:39:43.919381+00:00,0,2026-08-09,2026-08-11,ok
2026-08-11T12:49:37.501895+00:00,0,2026-08-09,2026-08-11,ok
2026-08-11T14:15:46.517829+00:00,0,2026-08-09,2026-08-11,ok
2026-08-11T15:54:55.196327+00:00,0,2026-08-09,2026-08-11,ok
2026-08-11T16:52:23.187656+00:00,0,2026-08-09,2026-08-11,ok
2026-08-11T17:53:23.977847+00:00,0,2026-08-09,2026-08-11,ok
2026-08-11T18:53:59.885061+00:00,0,2026-08-09,2026-08-11,ok
2026-08-11T19:57:50.919648+00:00,0,2026-08-09,2026-08-11,ok
2026-08-11T20:42:31.117986+00:00,0,2026-08-09,2026-08-11,ok
2026-08-11T21:39:37.446900+00:00,0,2026-08-11,2026-08-11,ok
2026-08-11T22:35:14.363850+00:00,0,2026-08-11,2026-08-11,ok
2026-08-11T23:33:36.320744+00:00,0,2026-08-11,2026-08-11,ok
2026-08-12T01:20:57.250067+00:00,24,2026-08-11,2026-08-12,ok
2026-08-12T04:00:42.812820+00:00,0,2026-08-10,2026-08-12,ok
2026-08-12T05:42:06.830599+00:00,0,2026-08-10,2026-08-12,ok
2026-08-12T07:15:22.509784+00:00,0,2026-08-10,2026-08-12,ok
2026-08-12T07:24:32.092642+00:00,0,2026-08-10,2026-08-12,ok
2026-08-12T09:06:15.855803+00:00,0,2026-08-10,2026-08-12,ok
2026-08-12T10:55:50.124864+00:00,0,2026-08-10,2026-08-12,ok
2026-08-12T11:42:18.039851+00:00,0,2026-08-10,2026-08-12,ok
2026-08-12T12:54:43.852686+00:00,0,2026-08-10,2026-08-12,ok
2026-08-12T14:17:35.469000+00:00,0,2026-08-10,2026-08-12,ok
2026-08-12T15:54:03.239965+00:00,0,2026-08-10,2026-08-12,ok
2026-08-12T16:51:43.846559+00:00,0,2026-08-10,2026-08-12,ok
2026-08-12T17:53:52.396119+00:00,0,2026-08-10,2026-08-12,ok
2026-08-12T18:53:46.083702+00:00,0,2026-08-10,2026-08-12,ok
2026-08-12T19:58:26.050852+00:00,0,2026-08-10,2026-08-12,ok
2026-08-12T20:46:20.293461+00:00,0,2026-08-10,2026-08-12,ok
2026-08-12T21:38:33.186080+00:00,0,2026-08-12,2026-08-12,ok
2026-08-12T22:33:44.331360+00:00,0,2026-08-12,2026-08-12,ok
2026-08-12T23:34:32.407391+00:00,0,2026-08-12,2026-08-12,ok
2026-08-13T01:22:24.611856+00:00,24,2026-08-12,2026-08-13,ok
2026-08-13T04:05:09.373590+00:00,0,2026-08-11,2026-08-13,ok
2026-08-13T06:11:51.952802+00:00,0,2026-08-11,2026-08-13,ok
2026-08-13T07:26:54.171488+00:00,0,2026-08-11,2026-08-13,ok
2026-08-13T08:14:44.094170+00:00,0,2026-08-11,2026-08-13,ok
2026-08-13T09:57:20.980998+00:00,0,2026-08-11,2026-08-13,ok
2026-08-13T10:59:39.708933+00:00,0,2026-08-11,2026-08-13,ok
2026-08-13T11:51:43.922584+00:00,0,2026-08-11,2026-08-13,ok
2026-08-13T12:56:04.132992+00:00,0,2026-08-11,2026-08-13,ok
2026-08-13T14:19:50.435731+00:00,0,2026-08-11,2026-08-13,ok
2026-08-13T15:53:26.334757+00:00,0,2026-08-11,2026-08-13,ok
2026-08-13T16:50:23.608395+00:00,0,2026-08-11,2026-08-13,ok
2026-08-13T17:53:02.530191+00:00,0,2026-08-11,2026-08-13,ok
2026-08-13T18:54:35.444336+00:00,0,2026-08-11,2026-08-13,ok
2026-08-13T19:53:27.286827+00:00,0,2026-08-11,2026-08-13,ok
2026-08-13T20:35:20.883317+00:00,0,2026-08-11,2026-08-13,ok
2026-08-13T21:38:16.279116+00:00,0,2026-08-13,2026-08-13,ok
2026-08-13T22:34:45.839529+00:00,0,2026-08-13,2026-08-13,ok
2026-08-13T23:34:47.931446+00:00,0,2026-08-13,2026-08-13,ok
2026-08-14T01:21:58.829950+00:00,24,2026-08-13,2026-08-14,ok
2026-08-14T04:00:35.257907+00:00,0,2026-08-12,2026-08-14,ok
2026-08-14T06:08:36.500081+00:00,0,2026-08-12,2026-08-14,ok
2026-08-14T07:24:10.294234+00:00,0,2026-08-12,2026-08-14,ok
2026-08-14T08:09:21.907922+00:00,0,2026-08-12,2026-08-14,ok
2026-08-14T09:54:11.083309+00:00,0,2026-08-12,2026-08-14,ok
2026-08-14T10:52:44.656401+00:00,0,2026-08-12,2026-08-14,ok
2026-08-14T11:39:35.071983+00:00,0,2026-08-12,2026-08-14,ok
2026-08-14T12:51:38.765386+00:00,0,2026-08-12,2026-08-14,ok
2026-08-14T14:12:09.519872+00:00,0,2026-08-12,2026-08-14,ok
2026-08-14T15:44:14.809401+00:00,0,2026-08-12,2026-08-14,ok
2026-08-14T16:43:42.705782+00:00,0,2026-08-12,2026-08-14,ok
2026-08-14T17:47:06.806660+00:00,0,2026-08-12,2026-08-14,ok
2026-08-14T18:43:54.279742+00:00,0,2026-08-12,2026-08-14,ok
2026-08-14T19:43:40.579061+00:00,0,2026-08-12,2026-08-14,ok
2026-08-14T20:24:41.553978+00:00,0,2026-08-12,2026-08-14,ok
2026-08-14T21:19:24.188518+00:00,0,2026-08-14,2026-08-14,ok
2026-08-14T22:16:06.889967+00:00,0,2026-08-14,2026-08-14,ok
2026-08-14T23:15:48.659648+00:00,0,2026-08-14,2026-08-14,ok
2026-08-15T00:53:04.501448+00:00,24,2026-08-14,2026-08-15,ok
2026-08-15T02:10:42.941933+00:00,0,2026-08-13,2026-08-15,ok
2026-08-15T03:33:25.131981+00:00,0,2026-08-13,2026-08-15,ok
2026-08-15T04:22:58.136724+00:00,0,2026-08-13,2026-08-15,ok
2026-08-15T05:19:13.532375+00:00,0,2026-08-13,2026-08-15,ok
2026-08-15T06:26:24.761712+00:00,0,2026-08-13,2026-08-15,ok
2026-08-15T06:37:29.440084+00:00,0,2026-08-13,2026-08-15,ok
2026-08-15T07:24:43.235256+00:00,0,2026-08-13,2026-08-15,ok
2026-08-15T08:20:12.667201+00:00,0,2026-08-13,2026-08-15,ok
2026-08-15T09:19:49.235104+00:00,0,2026-08-13,2026-08-15,ok
2026-08-15T10:16:21.398802+00:00,0,2026-08-13,2026-08-15,ok
2026-08-15T11:14:05.674835+00:00,0,2026-08-13,2026-08-15,ok
2026-08-15T12:24:34.273283+00:00,0,2026-08-13,2026-08-15,ok
2026-08-15T13:25:23.481357+00:00,0,2026-08-13,2026-08-15,ok
2026-08-15T14:15:58.442387+00:00,0,2026-08-13,2026-08-15,ok
2026-08-15T15:14:00.908996+00:00,0,2026-08-13,2026-08-15,ok
2026-08-15T16:16:35.599684+00:00,0,2026-08-13,2026-08-15,ok
2026-08-15T17:14:47.245585+00:00,0,2026-08-13,2026-08-15,ok
2026-08-15T18:19:18.276733+00:00,0,2026-08-13,2026-08-15,ok
2026-08-15T19:16:59.866974+00:00,0,2026-08-13,2026-08-15,ok
2026-08-15T20:15:10.541359+00:00,0,2026-08-13,2026-08-15,ok
2026-08-15T21:15:02.563457+00:00,0,2026-08-15,2026-08-15,ok
2026-08-15T22:14:02.593620+00:00,0,2026-08-15,2026-08-15,ok
2026-08-15T23:14:09.142640+00:00,0,2026-08-15,2026-08-15,ok
2026-08-16T00:55:38.951619+00:00,24,2026-08-15,2026-08-16,ok
2026-08-16T02:19:07.381959+00:00,0,2026-08-14,2026-08-16,ok
2026-08-16T03:42:15.066589+00:00,0,2026-08-14,2026-08-16,ok
2026-08-16T04:29:21.624052+00:00,0,2026-08-14,2026-08-16,ok
2026-08-16T05:21:36.710548+00:00,0,2026-08-14,2026-08-16,ok
2026-08-16T06:28:36.000787+00:00,0,2026-08-14,2026-08-16,ok
2026-08-16T06:39:38.230164+00:00,0,2026-08-14,2026-08-16,ok
2026-08-16T07:25:26.148673+00:00,0,2026-08-14,2026-08-16,ok
2026-08-16T08:21:07.489456+00:00,0,2026-08-14,2026-08-16,ok
2026-08-16T09:20:42.945488+00:00,0,2026-08-14,2026-08-16,ok
2026-08-16T10:16:41.711268+00:00,0,2026-08-14,2026-08-16,ok
2026-08-16T11:14:39.890923+00:00,0,2026-08-14,2026-08-16,ok
2026-08-16T12:26:09.630442+00:00,0,2026-08-14,2026-08-16,ok
2026-08-16T13:25:57.792670+00:00,0,2026-08-14,2026-08-16,ok
2026-08-16T14:16:07.091484+00:00,0,2026-08-14,2026-08-16,ok
2026-08-16T15:14:57.720353+00:00,0,2026-08-14,2026-08-16,ok
2026-08-16T16:17:14.400178+00:00,0,2026-08-14,2026-08-16,ok
2026-08-16T17:14:11.205589+00:00,0,2026-08-14,2026-08-16,ok
2026-08-16T18:19:09.689698+00:00,0,2026-08-14,2026-08-16,ok
2026-08-16T19:16:32.380506+00:00,0,2026-08-14,2026-08-16,ok
2026-08-16T20:14:41.138049+00:00,0,2026-08-14,2026-08-16,ok
2026-08-16T21:14:06.135269+00:00,0,2026-08-16,2026-08-16,ok
2026-08-16T22:14:08.991249+00:00,0,2026-08-16,2026-08-16,ok
2026-08-16T23:14:02.149233+00:00,0,2026-08-16,2026-08-16,ok
2026-08-17T00:53:51.974834+00:00,24,2026-08-16,2026-08-17,ok
2026-08-17T02:17:11.564683+00:00,0,2026-08-15,2026-08-17,ok
2026-08-17T03:43:42.306119+00:00,0,2026-08-15,2026-08-17,ok
2026-08-17T04:34:46.231950+00:00,0,2026-08-15,2026-08-17,ok
2026-08-17T05:29:52.698948+00:00,0,2026-08-15,2026-08-17,ok
2026-08-17T06:40:39.327896+00:00,0,2026-08-15,2026-08-17,ok
2026-08-17T06:55:12.335901+00:00,0,2026-08-15,2026-08-17,ok
2026-08-17T07:46:53.989012+00:00,0,2026-08-15,2026-08-17,ok
2026-08-17T08:35:32.901579+00:00,0,2026-08-15,2026-08-17,ok
2026-08-17T09:34:23.619358+00:00,0,2026-08-15,2026-08-17,ok
2026-08-17T10:25:44.845996+00:00,0,2026-08-15,2026-08-17,ok
2026-08-17T11:19:27.365955+00:00,0,2026-08-15,2026-08-17,ok
2026-08-17T12:30:50.205527+00:00,0,2026-08-15,2026-08-17,ok
2026-08-17T13:34:40.137793+00:00,0,2026-08-15,2026-08-17,ok
2026-08-17T14:21:19.332431+00:00,0,2026-08-15,2026-08-17,ok
2026-08-17T15:19:35.442094+00:00,0,2026-08-15,2026-08-17,ok
2026-08-17T16:20:01.983856+00:00,0,2026-08-15,2026-08-17,ok
2026-08-17T17:21:29.168823+00:00,0,2026-08-15,2026-08-17,ok
2026-08-17T18:30:26.610904+00:00,0,2026-08-15,2026-08-17,ok
2026-08-17T19:22:27.102951+00:00,0,2026-08-15,2026-08-17,ok
2026-08-17T20:19:05.873470+00:00,0,2026-08-15,2026-08-17,ok
2026-08-17T21:21:57.917869+00:00,0,2026-08-17,2026-08-17,ok
2026-08-17T22:17:40.836637+00:00,0,2026-08-17,2026-08-17,ok
2026-08-17T23:16:52.370515+00:00,0,2026-08-17,2026-08-17,ok
2026-08-18T00:52:25.480296+00:00,24,2026-08-17,2026-08-18,ok
2026-08-18T02:12:31.560114+00:00,0,2026-08-16,2026-08-18,ok
2026-08-18T03:39:09.423359+00:00,0,2026-08-16,2026-08-18,ok
2026-08-18T04:29:06.523369+00:00,0,2026-08-16,2026-08-18,ok
2026-08-18T05:22:44.502211+00:00,0,2026-08-16,2026-08-18,ok
2026-08-18T06:32:13.795538+00:00,0,2026-08-16,2026-08-18,ok
2026-08-18T06:42:14.300581+00:00,0,2026-08-16,2026-08-18,ok
2026-08-18T07:32:13.980258+00:00,0,2026-08-16,2026-08-18,ok
2026-08-18T08:28:12.127613+00:00,0,2026-08-16,2026-08-18,ok
2026-08-18T09:25:56.059872+00:00,0,2026-08-16,2026-08-18,ok
2026-08-18T10:21:17.996624+00:00,0,2026-08-16,2026-08-18,ok
2026-08-18T11:19:21.438644+00:00,0,2026-08-16,2026-08-18,ok
2026-08-18T12:32:44.949802+00:00,0,2026-08-16,2026-08-18,ok
2026-08-18T13:36:58.991809+00:00,0,2026-08-16,2026-08-18,ok
2026-08-18T14:26:40.843029+00:00,0,2026-08-16,2026-08-18,ok
2026-08-18T15:24:41.928319+00:00,0,2026-08-16,2026-08-18,ok
2026-08-18T16:23:27.928435+00:00,0,2026-08-16,2026-08-18,ok
2026-08-18T17:21:06.033707+00:00,0,2026-08-16,2026-08-18,ok
2026-08-18T18:28:10.078393+00:00,0,2026-08-16,2026-08-18,ok
2026-08-18T19:22:36.930593+00:00,0,2026-08-16,2026-08-18,ok
2026-08-18T20:16:06.059562+00:00,0,2026-08-16,2026-08-18,ok
2026-08-18T21:17:15.210254+00:00,0,2026-08-18,2026-08-18,ok
2026-08-18T22:15:55.965529+00:00,0,2026-08-18,2026-08-18,ok
2026-08-18T23:16:09.076910+00:00,0,2026-08-18,2026-08-18,ok
2026-08-19T00:53:10.994622+00:00,24,2026-08-18,2026-08-19,ok
2026-08-19T02:15:19.069968+00:00,0,2026-08-17,2026-08-19,ok
2026-08-19T03:40:28.008393+00:00,0,2026-08-17,2026-08-19,ok
2026-08-19T04:31:00.704305+00:00,0,2026-08-17,2026-08-19,ok
2026-08-19T05:23:33.255081+00:00,0,2026-08-17,2026-08-19,ok
2026-08-19T06:33:08.916595+00:00,0,2026-08-17,2026-08-19,ok
2026-08-19T06:42:38.630144+00:00,0,2026-08-17,2026-08-19,ok
2026-08-19T07:32:30.056800+00:00,0,2026-08-17,2026-08-19,ok
2026-08-19T08:29:08.370272+00:00,0,2026-08-17,2026-08-19,ok
2026-08-19T09:26:45.550988+00:00,0,2026-08-17,2026-08-19,ok
2026-08-19T10:21:46.848226+00:00,0,2026-08-17,2026-08-19,ok
2026-08-19T11:19:18.918677+00:00,0,2026-08-17,2026-08-19,ok
2026-08-19T12:33:39.365433+00:00,0,2026-08-17,2026-08-19,ok
2026-08-19T13:39:08.105438+00:00,0,2026-08-17,2026-08-19,ok
2026-08-19T14:26:05.096669+00:00,0,2026-08-17,2026-08-19,ok
2026-08-19T15:24:22.764474+00:00,0,2026-08-17,2026-08-19,ok
2026-08-19T16:23:26.846178+00:00,0,2026-08-17,2026-08-19,ok
2026-08-19T17:20:58.980223+00:00,0,2026-08-17,2026-08-19,ok
2026-08-19T18:24:39.681626+00:00,0,2026-08-17,2026-08-19,ok
2026-08-19T19:19:53.810447+00:00,0,2026-08-17,2026-08-19,ok
2026-08-19T20:19:30.328622+00:00,0,2026-08-17,2026-08-19,ok
2026-08-19T21:19:46.747726+00:00,0,2026-08-19,2026-08-19,ok
2026-08-19T22:18:10.793780+00:00,0,2026-08-19,2026-08-19,ok
2026-08-19T23:17:08.567510+00:00,0,2026-08-19,2026-08-19,ok
2026-08-20T00:52:51.278109+00:00,24,2026-08-19,2026-08-20,ok
2026-08-20T02:14:01.310654+00:00,0,2026-08-18,2026-08-20,ok
2026-08-20T03:40:58.415187+00:00,0,2026-08-18,2026-08-20,ok
2026-08-20T04:30:15.778259+00:00,0,2026-08-18,2026-08-20,ok
2026-08-20T05:24:23.564261+00:00,0,2026-08-18,2026-08-20,ok
2026-08-20T06:35:02.485436+00:00,0,2026-08-18,2026-08-20,ok
2026-08-20T06:44:57.994187+00:00,0,2026-08-18,2026-08-20,ok
2026-08-20T07:35:34.837184+00:00,0,2026-08-18,2026-08-20,ok
2026-08-20T08:30:08.993923+00:00,0,2026-08-18,2026-08-20,ok
2026-08-20T09:27:13.407821+00:00,0,2026-08-18,2026-08-20,ok
2026-08-20T10:22:44.964953+00:00,0,2026-08-18,2026-08-20,ok
2026-08-20T11:20:15.601404+00:00,0,2026-08-18,2026-08-20,ok
2026-08-20T12:34:53.124247+00:00,0,2026-08-18,2026-08-20,ok
2026-08-20T13:40:25.179519+00:00,0,2026-08-18,2026-08-20,ok
2026-08-20T14:29:12.286442+00:00,0,2026-08-18,2026-08-20,ok
2026-08-20T15:27:10.183351+00:00,0,2026-08-18,2026-08-20,ok
2026-08-20T16:27:10.576266+00:00,0,2026-08-18,2026-08-20,ok
2026-08-20T17:22:38.283179+00:00,0,2026-08-18,2026-08-20,ok
2026-08-20T18:29:07.038774+00:00,0,2026-08-18,2026-08-20,ok
2026-08-20T19:25:47.790089+00:00,0,2026-08-18,2026-08-20,ok
2026-08-20T20:21:08.960614+00:00,0,2026-08-18,2026-08-20,ok
2026-08-20T21:21:20.624990+00:00,0,2026-08-20,2026-08-20,ok
2026-08-20T22:20:03.213313+00:00,0,2026-08-20,2026-08-20,ok
2026-08-20T23:19:39.063055+00:00,0,2026-08-20,2026-08-20,ok
2026-08-21T00:56:28.615429+00:00,24,2026-08-20,2026-08-21,ok
2026-08-21T02:21:38.268042+00:00,0,2026-08-19,2026-08-21,ok
2026-08-21T03:44:34.020010+00:00,0,2026-08-19,2026-08-21,ok
2026-08-21T04:31:34.090917+00:00,0,2026-08-19,2026-08-21,ok
2026-08-21T05:26:50.430217+00:00,0,2026-08-19,2026-08-21,ok
2026-08-21T06:35:01.192168+00:00,0,2026-08-19,2026-08-21,ok
2026-08-21T06:46:32.722500+00:00,0,2026-08-19,2026-08-21,ok
2026-08-21T07:37:25.355778+00:00,0,2026-08-19,2026-08-21,ok
2026-08-21T08:32:11.067820+00:00,0,2026-08-19,2026-08-21,ok
2026-08-21T09:29:52.329515+00:00,0,2026-08-19,2026-08-21,ok
2026-08-21T10:23:00.958677+00:00,0,2026-08-19,2026-08-21,ok
2026-08-21T11:19:40.681323+00:00,0,2026-08-19,2026-08-21,ok
2026-08-21T12:33:59.025782+00:00,0,2026-08-19,2026-08-21,ok
2026-08-21T13:40:06.821788+00:00,0,2026-08-19,2026-08-21,ok
2026-08-21T14:27:54.155842+00:00,0,2026-08-19,2026-08-21,ok
2026-08-21T15:26:17.845538+00:00,0,2026-08-19,2026-08-21,ok
2026-08-21T16:24:47.573783+00:00,0,2026-08-19,2026-08-21,ok
2026-08-21T17:22:24.115181+00:00,0,2026-08-19,2026-08-21,ok
2026-08-21T18:27:28.605620+00:00,0,2026-08-19,2026-08-21,ok
2026-08-21T19:21:16.718708+00:00,0,2026-08-19,2026-08-21,ok
2026-08-21T20:18:22.230834+00:00,0,2026-08-19,2026-08-21,ok
2026-08-21T21:17:45.202640+00:00,0,2026-08-21,2026-08-21,ok
2026-08-21T22:17:02.108659+00:00,0,2026-08-21,2026-08-21,ok
2026-08-21T23:17:21.103866+00:00,0,2026-08-21,2026-08-21,ok
2026-08-22T00:52:49.361487+00:00,24,2026-08-21,2026-08-22,ok
2026-08-22T02:12:16.574306+00:00,0,2026-08-20,2026-08-22,ok
2026-08-22T03:36:17.953395+00:00,0,2026-08-20,2026-08-22,ok
2026-08-22T04:26:18.114358+00:00,0,2026-08-20,2026-08-22,ok
2026-08-22T05:20:52.709679+00:00,0,2026-08-20,2026-08-22,ok
2026-08-22T06:28:43.956798+00:00,0,2026-08-20,2026-08-22,ok
2026-08-22T06:39:23.181647+00:00,0,2026-08-20,2026-08-22,ok
2026-08-22T07:25:49.420708+00:00,0,2026-08-20,2026-08-22,ok
2026-08-22T08:20:58.559195+00:00,0,2026-08-20,2026-08-22,ok
2026-08-22T09:20:56.607374+00:00,0,2026-08-20,2026-08-22,ok
2026-08-22T10:16:39.364153+00:00,0,2026-08-20,2026-08-22,ok
2026-08-22T11:14:59.313595+00:00,0,2026-08-20,2026-08-22,ok
2026-08-22T12:25:39.753556+00:00,0,2026-08-20,2026-08-22,ok
2026-08-22T13:26:25.987727+00:00,0,2026-08-20,2026-08-22,ok
2026-08-22T14:15:04.103073+00:00,0,2026-08-20,2026-08-22,ok
2026-08-22T15:14:05.585912+00:00,0,2026-08-20,2026-08-22,ok
2026-08-22T16:16:30.373000+00:00,0,2026-08-20,2026-08-22,ok
2026-08-22T17:14:57.737090+00:00,0,2026-08-20,2026-08-22,ok
2026-08-22T18:19:51.680722+00:00,0,2026-08-20,2026-08-22,ok
2026-08-22T19:18:05.328238+00:00,0,2026-08-20,2026-08-22,ok
2026-08-22T20:15:21.115042+00:00,0,2026-08-20,2026-08-22,ok
2026-08-22T21:15:21.112568+00:00,0,2026-08-22,2026-08-22,ok
2026-08-22T22:15:11.879441+00:00,0,2026-08-22,2026-08-22,ok
2026-08-22T23:14:17.055606+00:00,0,2026-08-22,2026-08-22,ok
2026-08-23T00:56:58.250127+00:00,24,2026-08-22,2026-08-23,ok
2026-08-23T02:22:25.926764+00:00,0,2026-08-21,2026-08-23,ok
2026-08-23T03:44:19.194095+00:00,0,2026-08-21,2026-08-23,ok
2026-08-23T04:31:00.427286+00:00,0,2026-08-21,2026-08-23,ok
2026-08-23T05:22:42.371793+00:00,0,2026-08-21,2026-08-23,ok
2026-08-23T06:29:54.261084+00:00,0,2026-08-21,2026-08-23,ok
2026-08-23T06:40:04.312969+00:00,0,2026-08-21,2026-08-23,ok
2026-08-23T07:27:57.335478+00:00,0,2026-08-21,2026-08-23,ok
2026-08-23T08:22:01.668364+00:00,0,2026-08-21,2026-08-23,ok
2026-08-23T09:21:39.146614+00:00,0,2026-08-21,2026-08-23,ok
2026-08-23T10:17:02.185240+00:00,0,2026-08-21,2026-08-23,ok
2026-08-23T11:15:30.286200+00:00,0,2026-08-21,2026-08-23,ok
2026-08-23T12:26:17.941139+00:00,0,2026-08-21,2026-08-23,ok
2026-08-23T13:26:58.781908+00:00,0,2026-08-21,2026-08-23,ok
2026-08-23T14:16:59.974942+00:00,0,2026-08-21,2026-08-23,ok
2026-08-23T15:15:56.940770+00:00,0,2026-08-21,2026-08-23,ok
2026-08-23T16:17:39.244427+00:00,0,2026-08-21,2026-08-23,ok
2026-08-23T17:15:11.884047+00:00,0,2026-08-21,2026-08-23,ok
2026-08-23T18:19:50.685202+00:00,0,2026-08-21,2026-08-23,ok
2026-08-23T19:18:18.820359+00:00,0,2026-08-21,2026-08-23,ok
2026-08-23T20:14:45.712817+00:00,0,2026-08-21,2026-08-23,ok
2026-08-23T21:15:31.319579+00:00,0,2026-08-23,2026-08-23,ok
2026-08-23T22:15:02.519099+00:00,0,2026-08-23,2026-08-23,ok
2026-08-23T23:14:51.791350+00:00,0,2026-08-23,2026-08-23,ok
2026-08-24T00:55:06.830481+00:00,24,2026-08-23,2026-08-24,ok
2026-08-24T02:20:03.245000+00:00,0,2026-08-22,2026-08-24,ok
2026-08-24T03:48:56.604172+00:00,0,2026-08-22,2026-08-24,ok
2026-08-24T04:38:18.267423+00:00,0,2026-08-22,2026-08-24,ok
2026-08-24T05:32:51.846924+00:00,0,2026-08-22,2026-08-24,ok
2026-08-24T06:42:50.152972+00:00,0,2026-08-22,2026-08-24,ok
2026-08-24T06:57:46.413215+00:00,0,2026-08-22,2026-08-24,ok
2026-08-24T07:52:47.708510+00:00,0,2026-08-22,2026-08-24,ok
2026-08-24T08:40:03.058480+00:00,0,2026-08-22,2026-08-24,ok
2026-08-24T09:39:56.157002+00:00,0,2026-08-22,2026-08-24,ok
2026-08-24T10:31:30.665237+00:00,0,2026-08-22,2026-08-24,ok
2026-08-24T11:21:14.734474+00:00,0,2026-08-22,2026-08-24,ok
2026-08-24T12:36:19.462543+00:00,0,2026-08-22,2026-08-24,ok
2026-08-24T13:44:58.119873+00:00,0,2026-08-22,2026-08-24,ok
2026-08-24T14:35:21.418731+00:00,0,2026-08-22,2026-08-24,ok
2026-08-24T15:32:59.717251+00:00,0,2026-08-22,2026-08-24,ok
2026-08-24T16:28:18.386810+00:00,0,2026-08-22,2026-08-24,ok
2026-08-24T17:25:00.731180+00:00,0,2026-08-22,2026-08-24,ok
2026-08-24T18:30:09.742115+00:00,0,2026-08-22,2026-08-24,ok
2026-08-24T19:23:42.028948+00:00,0,2026-08-22,2026-08-24,ok
2026-08-24T20:22:14.198760+00:00,0,2026-08-22,2026-08-24,ok
2026-08-24T21:22:21.468349+00:00,0,2026-08-24,2026-08-24,ok
2026-08-24T22:18:50.096852+00:00,0,2026-08-24,2026-08-24,ok
2026-08-24T23:16:55.300308+00:00,0,2026-08-24,2026-08-24,ok
2026-08-25T00:55:02.261886+00:00,24,2026-08-24,2026-08-25,ok
2026-08-25T02:15:22.567554+00:00,0,2026-08-23,2026-08-25,ok
2026-08-25T03:42:32.856852+00:00,0,2026-08-23,2026-08-25,ok
2026-08-25T04:32:46.107934+00:00,0,2026-08-23,2026-08-25,ok
2026-08-25T05:25:51.740571+00:00,0,2026-08-23,2026-08-25,ok
2026-08-25T06:34:59.298207+00:00,0,2026-08-23,2026-08-25,ok
2026-08-25T06:46:43.816190+00:00,0,2026-08-23,2026-08-25,ok
2026-08-25T07:38:45.893706+00:00,0,2026-08-23,2026-08-25,ok
