timestamp,rows,features,status
2026-04-27T04:13:29.153879,481,30,ok
2026-05-01T10:58:06.079825,483,30,ok
2026-05-01T11:55:05.440856,483,30,ok
2026-05-01T13:07:20.952938,483,30,ok
2026-05-01T14:50:17.815524,483,30,ok
2026-05-01T15:52:34.164147,483,30,ok
2026-05-01T16:51:42.395562,483,30,ok
2026-05-01T17:54:50.162518,483,30,ok
2026-05-01T19:03:49.380411,483,30,ok
2026-05-01T20:44:15.431072,483,30,ok
2026-05-01T21:47:39.112399,483,30,ok
2026-05-01T22:43:47.448951,483,30,ok
2026-05-01T23:45:25.768690,483,30,ok
2026-05-02T02:09:36.788205,484,30,ok
2026-05-02T05:32:04.044323,484,30,ok
2026-05-02T07:24:47.232932,484,30,ok
2026-05-02T07:46:11.269837,484,30,ok
2026-05-02T09:00:48.481360,484,30,ok
2026-05-02T10:44:59.253912,484,30,ok
2026-05-02T11:40:42.951381,484,30,ok
2026-05-02T12:57:21.417909,484,30,ok
2026-05-02T14:10:20.510551,484,30,ok
2026-05-02T15:40:55.616716,484,30,ok
2026-05-02T16:40:21.579285,484,30,ok
2026-05-02T17:39:48.243317,484,30,ok
2026-05-02T18:51:18.423951,484,30,ok
2026-05-02T19:51:31.240226,484,30,ok
2026-05-02T20:36:21.823007,484,30,ok
2026-05-02T21:35:33.386581,484,30,ok
2026-05-02T22:34:58.988168,484,30,ok
2026-05-02T23:37:51.858865,484,30,ok
2026-05-03T02:25:10.420990,485,30,ok
2026-05-03T05:53:44.206921,485,30,ok
2026-05-03T07:54:10.386331,485,30,ok
2026-05-03T08:02:44.589092,485,30,ok
2026-05-03T09:18:22.244967,485,30,ok
2026-05-03T10:50:15.531001,485,30,ok
2026-05-03T11:38:09.385060,485,30,ok
2026-05-03T12:57:19.807291,485,30,ok
2026-05-03T14:10:55.701590,485,30,ok
2026-05-03T15:41:45.269969,485,30,ok
2026-05-03T16:41:48.172860,485,30,ok
