timestamp,rows,features,status
2026-04-27T04:13:29.153879,481,30,ok
2026-05-01T10:58:06.079825,483,30,ok
2026-05-01T11:55:05.440856,483,30,ok
2026-05-01T13:07:20.952938,483,30,ok
2026-05-01T14:50:17.815524,483,30,ok
2026-05-01T15:52:34.164147,483,30,ok
2026-05-01T16:51:42.395562,483,30,ok
2026-05-01T17:54:50.162518,483,30,ok
2026-05-01T19:03:49.380411,483,30,ok
2026-05-01T20:44:15.431072,483,30,ok
2026-05-01T21:47:39.112399,483,30,ok
2026-05-01T22:43:47.448951,483,30,ok
2026-05-01T23:45:25.768690,483,30,ok
2026-05-02T02:09:36.788205,484,30,ok
2026-05-02T05:32:04.044323,484,30,ok
2026-05-02T07:24:47.232932,484,30,ok
2026-05-02T07:46:11.269837,484,30,ok
2026-05-02T09:00:48.481360,484,30,ok
2026-05-02T10:44:59.253912,484,30,ok
2026-05-02T11:40:42.951381,484,30,ok
2026-05-02T12:57:21.417909,484,30,ok
2026-05-02T14:10:20.510551,484,30,ok
2026-05-02T15:40:55.616716,484,30,ok
2026-05-02T16:40:21.579285,484,30,ok
2026-05-02T17:39:48.243317,484,30,ok
2026-05-02T18:51:18.423951,484,30,ok
2026-05-02T19:51:31.240226,484,30,ok
2026-05-02T20:36:21.823007,484,30,ok
2026-05-02T21:35:33.386581,484,30,ok
2026-05-02T22:34:58.988168,484,30,ok
2026-05-02T23:37:51.858865,484,30,ok
2026-05-03T02:25:10.420990,485,30,ok
2026-05-03T05:53:44.206921,485,30,ok
2026-05-03T07:54:10.386331,485,30,ok
2026-05-03T08:02:44.589092,485,30,ok
2026-05-03T09:18:22.244967,485,30,ok
2026-05-03T10:50:15.531001,485,30,ok
2026-05-03T11:38:09.385060,485,30,ok
2026-05-03T12:57:19.807291,485,30,ok
2026-05-03T14:10:55.701590,485,30,ok
2026-05-03T15:41:45.269969,485,30,ok
2026-05-03T16:41:48.172860,485,30,ok
2026-05-03T17:42:23.891300,485,30,ok
2026-05-03T18:51:22.101994,485,30,ok
2026-05-03T19:51:25.231581,485,30,ok
2026-05-03T20:36:55.395121,485,30,ok
2026-05-03T21:36:38.147692,485,30,ok
2026-05-03T22:35:11.085569,485,30,ok
2026-05-03T23:39:04.061092,485,30,ok
2026-05-04T02:15:13.019011,486,30,ok
2026-05-04T05:58:57.873144,486,30,ok
2026-05-04T08:31:08.778355,486,30,ok
2026-05-04T08:35:15.735078,486,30,ok
2026-05-04T11:01:45.363993,486,30,ok
2026-05-04T13:30:38.607154,486,30,ok
2026-05-04T15:57:12.374129,486,30,ok
2026-05-04T17:28:48.860490,486,30,ok
2026-05-04T19:21:18.127754,486,30,ok
2026-05-04T21:03:01.775541,486,30,ok
2026-05-04T22:52:45.099219,486,30,ok
2026-05-04T23:48:52.000328,486,30,ok
2026-05-05T02:12:48.061477,487,30,ok
2026-05-05T05:37:48.089373,487,30,ok
2026-05-05T08:01:17.494777,487,30,ok
2026-05-05T08:11:37.510497,487,30,ok
2026-05-05T10:29:52.071148,487,30,ok
2026-05-05T11:56:37.630100,487,30,ok
2026-05-05T13:48:33.178899,487,30,ok
2026-05-05T15:49:56.848519,487,30,ok
2026-05-05T17:19:22.233636,487,30,ok
2026-05-05T19:11:10.262959,487,30,ok
2026-05-05T21:01:03.962120,487,30,ok
2026-05-05T22:51:37.799551,487,30,ok
2026-05-05T23:43:02.826658,487,30,ok
2026-05-06T02:14:14.718602,488,30,ok
2026-05-06T05:52:31.887744,488,30,ok
2026-05-06T08:15:04.950519,488,30,ok
2026-05-06T08:28:04.815576,488,30,ok
2026-05-06T11:01:57.147393,488,30,ok
2026-05-06T13:53:32.890260,488,30,ok
2026-05-06T17:47:10.723774,488,30,ok
2026-05-06T19:29:47.300679,488,30,ok
2026-05-06T21:06:31.170751,488,30,ok
2026-05-06T22:43:53.377333,488,30,ok
2026-05-06T23:44:21.102041,488,30,ok
2026-05-07T02:24:50.590613,489,30,ok
2026-05-07T05:56:57.979549,489,30,ok
2026-05-07T08:31:48.121137,489,30,ok
2026-05-07T08:35:37.966317,489,30,ok
2026-05-07T11:05:26.443543,489,30,ok
2026-05-07T13:52:36.241092,489,30,ok
2026-05-07T16:03:46.077414,489,30,ok
2026-05-07T18:20:27.403962,489,30,ok
2026-05-07T20:10:19.582392,489,30,ok
2026-05-07T21:52:00.753931,489,30,ok
2026-05-07T22:56:39.169692,489,30,ok
2026-05-07T23:51:18.004380,489,30,ok
2026-05-08T02:32:34.558624,490,30,ok
2026-05-08T05:25:51.433637,490,30,ok
2026-05-08T07:22:06.334856,490,30,ok
2026-05-08T07:43:39.340123,490,30,ok
2026-05-08T09:11:09.366519,490,30,ok
2026-05-08T11:07:54.194828,490,30,ok
2026-05-08T13:19:39.309047,490,30,ok
2026-05-08T15:17:21.600880,490,30,ok
2026-05-08T17:08:34.905693,490,30,ok
2026-05-08T19:09:26.581713,490,30,ok
2026-05-08T20:53:40.676642,490,30,ok
2026-05-08T21:55:12.697186,490,30,ok
2026-05-08T22:51:51.703965,490,30,ok
2026-05-08T23:52:41.074888,490,30,ok
2026-05-09T02:25:30.065691,491,30,ok
2026-05-09T05:44:18.355645,491,30,ok
2026-05-09T07:58:06.157072,491,30,ok
2026-05-09T09:13:40.550495,491,30,ok
2026-05-09T10:52:43.810344,491,30,ok
2026-05-09T11:44:47.031814,491,30,ok
2026-05-09T13:03:56.047709,491,30,ok
2026-05-09T14:44:44.830478,491,30,ok
2026-05-09T15:49:57.410448,491,30,ok
2026-05-09T16:45:53.360098,491,30,ok
2026-05-09T17:44:18.862791,491,30,ok
2026-05-09T18:52:32.327447,491,30,ok
2026-05-09T19:54:14.369097,491,30,ok
2026-05-09T20:38:47.196944,491,30,ok
2026-05-09T21:38:13.957401,491,30,ok
2026-05-09T22:37:02.808744,491,30,ok
2026-05-09T23:41:42.602171,491,30,ok
2026-05-10T02:28:14.978542,492,30,ok
2026-05-10T05:59:38.862621,492,30,ok
2026-05-10T08:09:13.846193,492,30,ok
2026-05-10T08:14:34.100624,492,30,ok
2026-05-10T10:09:11.115715,492,30,ok
2026-05-10T11:44:56.682813,492,30,ok
2026-05-10T13:05:49.856513,492,30,ok
2026-05-10T14:47:04.020378,492,30,ok
2026-05-10T15:47:04.251008,492,30,ok
2026-05-10T16:46:44.325174,492,30,ok
2026-05-10T17:44:53.508009,492,30,ok
2026-05-10T18:53:42.660610,492,30,ok
2026-05-10T19:56:23.717580,492,30,ok
2026-05-10T20:42:56.808487,492,30,ok
2026-05-10T21:41:58.726153,492,30,ok
2026-05-10T22:40:54.866864,492,30,ok
2026-05-10T23:44:40.558646,492,30,ok
2026-05-11T02:37:30.010574,493,30,ok
2026-05-11T06:34:00.174356,493,30,ok
2026-05-11T09:41:18.025979,493,30,ok
2026-05-11T10:33:09.518515,493,30,ok
2026-05-11T13:43:14.320956,493,30,ok
2026-05-11T16:28:14.119990,493,30,ok
2026-05-11T18:54:05.490955,493,30,ok
2026-05-11T22:01:43.861490,493,30,ok
2026-05-11T23:53:26.531925,493,30,ok
2026-05-12T02:30:40.614919,494,30,ok
2026-05-12T06:09:46.830393,494,30,ok
2026-05-12T08:41:31.319075,494,30,ok
2026-05-12T09:32:32.471334,494,30,ok
2026-05-12T11:49:35.693421,494,30,ok
2026-05-12T14:07:37.161224,494,30,ok
2026-05-12T17:05:39.412326,494,30,ok
2026-05-12T19:42:24.698584,494,30,ok
2026-05-12T21:14:16.944181,494,30,ok
2026-05-12T22:55:12.731328,494,30,ok
2026-05-12T23:55:51.733819,494,30,ok
2026-05-13T02:38:06.576249,495,30,ok
2026-05-13T06:22:43.803037,495,30,ok
2026-05-13T08:45:47.024893,495,30,ok
2026-05-13T09:39:54.087533,495,30,ok
2026-05-13T11:59:31.550558,495,30,ok
2026-05-13T14:45:37.230805,495,30,ok
2026-05-13T17:12:33.406295,495,30,ok
2026-05-13T19:46:56.489273,495,30,ok
2026-05-13T21:22:34.239829,495,30,ok
2026-05-13T23:01:31.509319,495,30,ok
2026-05-14T02:37:40.526402,496,30,ok
2026-05-14T06:19:49.092803,496,30,ok
2026-05-14T08:38:46.869514,496,30,ok
2026-05-14T09:30:15.763107,496,30,ok
2026-05-14T11:47:31.056317,496,30,ok
2026-05-14T13:55:51.945106,496,30,ok
2026-05-14T16:09:02.291816,496,30,ok
2026-05-14T18:50:14.740576,496,30,ok
2026-05-14T20:25:19.214119,496,30,ok
2026-05-14T22:05:28.381831,496,30,ok
2026-05-14T23:52:39.926559,496,30,ok
2026-05-15T02:38:15.703631,497,30,ok
2026-05-15T06:29:03.928841,497,30,ok
2026-05-15T08:50:07.883074,497,30,ok
2026-05-15T09:42:39.707315,497,30,ok
2026-05-15T11:51:05.129920,497,30,ok
2026-05-15T13:53:16.459065,497,30,ok
2026-05-15T16:01:08.537762,497,30,ok
2026-05-15T18:18:49.062984,497,30,ok
2026-05-15T20:12:08.949388,497,30,ok
2026-05-15T21:54:26.251223,497,30,ok
2026-05-15T22:50:29.431248,497,30,ok
2026-05-15T23:51:13.847318,497,30,ok
2026-05-16T02:28:09.465287,498,30,ok
2026-05-16T05:50:00.919390,498,30,ok
2026-05-16T07:56:08.197586,498,30,ok
2026-05-16T08:05:50.940975,498,30,ok
2026-05-16T09:26:49.290826,498,30,ok
2026-05-16T10:58:12.069252,498,30,ok
2026-05-16T11:52:46.299105,498,30,ok
2026-05-16T13:09:38.897339,498,30,ok
2026-05-16T14:51:24.994504,498,30,ok
2026-05-16T15:53:18.264901,498,30,ok
2026-05-16T16:53:12.801599,498,30,ok
2026-05-16T17:52:04.061439,498,30,ok
2026-05-16T18:56:44.112494,498,30,ok
2026-05-16T20:00:47.013270,498,30,ok
2026-05-16T21:42:48.179564,498,30,ok
2026-05-16T22:39:56.458000,498,30,ok
2026-05-16T23:45:55.778488,498,30,ok
2026-05-17T02:35:27.692035,499,30,ok
2026-05-17T06:18:07.204524,499,30,ok
2026-05-17T08:22:43.156471,499,30,ok
2026-05-17T09:00:50.425240,499,30,ok
2026-05-17T11:00:34.645642,499,30,ok
2026-05-17T12:02:51.038043,499,30,ok
2026-05-17T14:23:51.385515,499,30,ok
2026-05-17T15:54:20.367547,499,30,ok
2026-05-17T16:52:06.982991,499,30,ok
2026-05-17T17:54:22.891502,499,30,ok
2026-05-17T18:59:57.826176,499,30,ok
2026-05-17T20:06:47.257157,499,30,ok
2026-05-17T21:50:21.709010,499,30,ok
2026-05-17T22:48:07.371044,499,30,ok
2026-05-17T23:53:50.993312,499,30,ok
2026-05-18T02:45:38.031381,500,30,ok
2026-05-18T06:52:33.060294,500,30,ok
2026-05-18T10:05:50.560989,500,30,ok
2026-05-18T11:02:55.934369,500,30,ok
2026-05-18T15:17:03.984551,500,30,ok
2026-05-18T17:55:04.145974,500,30,ok
2026-05-18T19:30:23.901170,500,30,ok
2026-05-18T21:06:24.448219,500,30,ok
2026-05-18T22:55:19.717337,500,30,ok
2026-05-19T00:01:11.602138,501,30,ok
2026-05-19T04:55:41.434214,501,30,ok
2026-05-19T08:23:19.406632,501,30,ok
2026-05-19T09:44:11.684656,501,30,ok
2026-05-19T11:57:38.275946,501,30,ok
2026-05-19T15:20:16.450035,501,30,ok
2026-05-19T19:59:31.664264,501,30,ok
2026-05-19T21:24:14.440302,501,30,ok
2026-05-19T22:59:19.171432,501,30,ok
2026-05-20T00:11:26.495261,502,30,ok
2026-05-20T04:59:56.719167,502,30,ok
2026-05-20T08:30:57.531710,502,30,ok
2026-05-20T09:35:41.367124,502,30,ok
2026-05-20T11:45:36.244136,502,30,ok
2026-05-20T14:49:13.381561,502,30,ok
2026-05-20T17:51:35.229004,502,30,ok
2026-05-20T20:07:00.814364,502,30,ok
2026-05-20T22:21:52.082893,502,30,ok
2026-05-21T00:03:02.553765,503,30,ok
2026-05-21T05:05:46.737251,503,30,ok
2026-05-21T09:28:47.663746,503,30,ok
2026-05-21T09:42:15.723752,503,30,ok
2026-05-21T12:41:16.294639,503,30,ok
2026-05-21T16:13:40.752350,503,30,ok
2026-05-21T18:57:06.816840,503,30,ok
2026-05-21T20:53:36.279934,503,30,ok
2026-05-21T22:16:11.839882,503,30,ok
2026-05-21T23:57:26.877891,503,30,ok
2026-05-22T03:37:09.907038,504,30,ok
2026-05-22T07:38:58.291276,504,30,ok
2026-05-22T09:25:38.242890,504,30,ok
2026-05-22T10:45:03.691061,504,30,ok
2026-05-22T13:27:26.654057,504,30,ok
2026-05-22T16:20:57.186985,504,30,ok
2026-05-22T18:51:01.189164,504,30,ok
2026-05-22T20:30:24.733163,504,30,ok
2026-05-22T22:03:21.889500,504,30,ok
2026-05-23T00:01:15.422521,505,30,ok
2026-05-23T04:35:18.160884,505,30,ok
2026-05-23T07:27:33.335839,505,30,ok
2026-05-23T08:21:00.095206,505,30,ok
2026-05-23T09:46:15.645896,505,30,ok
2026-05-23T11:06:31.396921,505,30,ok
2026-05-23T13:11:54.378330,505,30,ok
2026-05-23T14:56:24.587367,505,30,ok
2026-05-23T16:00:27.501808,505,30,ok
2026-05-23T17:11:39.617517,505,30,ok
2026-05-23T19:01:45.532258,505,30,ok
2026-05-23T20:42:04.051569,505,30,ok
2026-05-23T21:49:40.261724,505,30,ok
2026-05-23T22:46:54.778647,505,30,ok
2026-05-23T23:52:56.352906,505,30,ok
2026-05-24T02:42:49.085702,506,30,ok
2026-05-24T06:33:12.706904,506,30,ok
2026-05-24T08:30:14.445455,506,30,ok
2026-05-24T09:18:08.455420,506,30,ok
2026-05-24T11:11:31.481499,506,30,ok
2026-05-24T13:12:21.428235,506,30,ok
2026-05-24T14:58:22.801965,506,30,ok
2026-05-24T16:02:30.693008,506,30,ok
2026-05-24T17:55:23.670508,506,30,ok
2026-05-24T19:09:11.140897,506,30,ok
2026-05-24T20:48:14.785459,506,30,ok
2026-05-24T21:51:51.119253,506,30,ok
2026-05-24T22:53:13.764694,506,30,ok
2026-05-24T23:55:31.783994,506,30,ok
2026-05-25T02:51:49.846435,507,30,ok
2026-05-25T07:09:46.915900,507,30,ok
2026-05-25T10:07:52.406409,507,30,ok
2026-05-25T11:48:59.719870,507,30,ok
2026-05-25T14:43:22.975233,507,30,ok
2026-05-25T17:03:44.952001,507,30,ok
2026-05-25T19:21:21.981851,507,30,ok
2026-05-25T21:00:38.500884,507,30,ok
2026-05-25T22:55:03.556056,507,30,ok
2026-05-26T00:01:26.948077,508,30,ok
2026-05-26T04:58:54.615183,508,30,ok
2026-05-26T08:34:06.802212,508,30,ok
2026-05-26T09:58:01.475380,508,30,ok
2026-05-26T15:50:29.785121,508,30,ok
2026-05-26T18:21:33.196579,508,30,ok
2026-05-26T20:51:39.223570,508,30,ok
2026-05-26T22:16:59.551132,508,30,ok
2026-05-27T00:00:15.020929,509,30,ok
2026-05-27T04:25:01.364142,509,30,ok
2026-05-27T08:36:22.788844,509,30,ok
2026-05-27T09:52:03.345711,509,30,ok
2026-05-27T16:34:29.503297,509,30,ok
2026-05-27T19:20:33.754030,509,30,ok
2026-05-27T21:49:04.024344,509,30,ok
2026-05-27T23:13:01.005874,509,30,ok
2026-05-28T02:37:53.536380,510,30,ok
2026-05-28T06:50:08.216813,510,30,ok
2026-05-28T10:03:30.019632,510,30,ok
2026-05-28T10:51:17.716876,510,30,ok
2026-05-28T14:34:43.746461,510,30,ok
2026-05-28T18:00:29.080503,510,30,ok
2026-05-28T20:33:17.076608,510,30,ok
2026-05-29T00:06:50.954833,511,30,ok
2026-05-29T05:10:21.468379,511,30,ok
2026-05-29T09:43:08.601926,511,30,ok
2026-05-29T09:58:56.954788,511,30,ok
2026-05-29T12:45:28.869771,511,30,ok
2026-05-29T16:40:25.275414,511,30,ok
2026-05-29T19:30:21.976022,511,30,ok
2026-05-29T21:49:36.371878,511,30,ok
2026-05-29T23:08:11.497619,511,30,ok
2026-05-30T02:35:42.250051,512,30,ok
2026-05-30T06:20:18.192633,512,30,ok
2026-05-30T08:28:48.016136,512,30,ok
2026-05-30T09:12:29.814270,512,30,ok
2026-05-30T11:16:24.015760,512,30,ok
2026-05-30T13:15:14.809909,512,30,ok
2026-05-30T15:02:04.463207,512,30,ok
2026-05-30T16:55:55.746609,512,30,ok
2026-05-30T18:00:52.001187,512,30,ok
2026-05-30T20:05:14.297369,512,30,ok
2026-05-30T21:56:13.375441,512,30,ok
2026-05-30T22:55:31.274463,512,30,ok
2026-05-30T23:57:31.204759,512,30,ok
2026-05-31T03:50:24.767929,513,30,ok
2026-05-31T07:41:02.349901,513,30,ok
2026-05-31T08:46:48.983173,513,30,ok
2026-05-31T10:10:18.756776,513,30,ok
2026-05-31T12:07:41.048160,513,30,ok
2026-05-31T14:27:43.930254,513,30,ok
2026-05-31T16:02:06.479499,513,30,ok
2026-05-31T17:56:41.116711,513,30,ok
2026-05-31T19:13:50.363866,513,30,ok
2026-05-31T20:53:23.092124,513,30,ok
2026-05-31T21:55:09.548527,513,30,ok
2026-05-31T22:55:56.833600,513,30,ok
2026-06-01T00:03:33.191975,514,30,ok
2026-06-01T05:56:58.102271,514,30,ok
2026-06-01T11:29:18.782194,514,30,ok
2026-06-01T11:35:35.619995,514,30,ok
2026-06-01T17:26:20.094161,514,30,ok
2026-06-01T21:25:11.891001,514,30,ok
2026-06-01T23:23:36.051918,514,30,ok
2026-06-02T02:58:17.828069,515,30,ok
2026-06-02T07:26:09.956491,515,30,ok
2026-06-02T10:24:33.367440,515,30,ok
2026-06-02T12:00:17.839439,515,30,ok
2026-06-02T16:47:10.320328,515,30,ok
2026-06-02T20:04:45.809180,515,30,ok
2026-06-02T22:58:16.107231,515,30,ok
2026-06-03T00:28:20.760096,516,30,ok
2026-06-03T05:59:28.375528,516,30,ok
2026-06-03T11:00:34.458907,516,30,ok
2026-06-03T11:09:20.951825,516,30,ok
2026-06-03T16:26:04.878289,516,30,ok
2026-06-03T20:15:05.519403,516,30,ok
2026-06-03T23:01:29.826015,516,30,ok
2026-06-04T03:27:42.337143,517,30,ok
2026-06-04T08:15:06.333608,517,30,ok
2026-06-04T09:57:02.214639,517,30,ok
2026-06-04T11:46:50.062879,517,30,ok
2026-06-04T14:44:58.173908,517,30,ok
2026-06-04T17:40:48.127756,517,30,ok
2026-06-04T19:57:51.348096,517,30,ok
2026-06-04T21:41:48.658884,517,30,ok
2026-06-04T23:04:49.756900,517,30,ok
2026-06-05T02:50:18.855099,518,30,ok
2026-06-05T07:04:04.121101,518,30,ok
2026-06-05T09:52:13.714819,518,30,ok
2026-06-05T14:35:51.808075,518,30,ok
2026-06-05T17:10:57.682529,518,30,ok
2026-06-05T19:46:57.765272,518,30,ok
2026-06-05T21:20:39.110303,518,30,ok
2026-06-05T23:02:05.902472,518,30,ok
2026-06-06T02:37:29.272889,519,30,ok
2026-06-06T06:25:00.435184,519,30,ok
2026-06-06T08:34:33.408833,519,30,ok
2026-06-06T09:21:58.347908,519,30,ok
2026-06-06T11:20:19.364839,519,30,ok
2026-06-06T13:19:22.613195,519,30,ok
2026-06-06T15:09:34.956087,519,30,ok
2026-06-06T17:05:20.968287,519,30,ok
2026-06-06T19:11:57.505010,519,30,ok
2026-06-06T20:58:04.196022,519,30,ok
2026-06-06T22:03:07.396956,519,30,ok
2026-06-06T23:59:27.533634,519,30,ok
2026-06-07T04:22:59.211861,520,30,ok
2026-06-07T08:20:22.269401,520,30,ok
2026-06-07T08:56:47.616376,520,30,ok
2026-06-07T11:04:33.567780,520,30,ok
2026-06-07T13:29:28.476225,520,30,ok
2026-06-07T15:19:55.366464,520,30,ok
2026-06-07T17:09:07.797419,520,30,ok
2026-06-07T19:13:03.181183,520,30,ok
2026-06-07T21:05:26.257860,520,30,ok
2026-06-07T22:59:18.232396,520,30,ok
2026-06-08T00:13:32.064317,521,30,ok
2026-06-08T05:26:43.069005,521,30,ok
2026-06-08T10:25:43.464032,521,30,ok
2026-06-08T10:57:17.618718,521,30,ok
2026-06-08T14:44:44.486824,521,30,ok
2026-06-08T17:47:45.496319,521,30,ok
2026-06-08T20:06:56.772424,521,30,ok
2026-06-08T22:22:07.611979,521,30,ok
2026-06-09T00:00:31.061063,522,30,ok
2026-06-09T04:14:24.581893,522,30,ok
2026-06-09T08:28:14.943670,522,30,ok
2026-06-09T09:45:07.660290,522,30,ok
2026-06-09T11:55:53.357902,522,30,ok
2026-06-09T14:38:36.312712,522,30,ok
2026-06-09T17:22:17.806170,522,30,ok
2026-06-09T20:01:11.018774,522,30,ok
2026-06-09T22:19:06.159024,522,30,ok
2026-06-10T00:07:10.919165,523,30,ok
2026-06-10T05:12:14.157114,523,30,ok
2026-06-10T09:45:04.539262,523,30,ok
2026-06-10T10:01:59.471716,523,30,ok
2026-06-10T12:51:11.339159,523,30,ok
2026-06-10T16:31:03.969342,523,30,ok
2026-06-10T19:30:37.273374,523,30,ok
2026-06-10T21:53:42.889363,523,30,ok
2026-06-10T23:21:37.836783,523,30,ok
2026-06-11T02:59:51.565721,524,30,ok
2026-06-11T16:48:14.200616,524,30,ok
2026-06-11T19:30:38.769291,524,30,ok
2026-06-11T21:56:56.459980,524,30,ok
2026-06-11T23:19:28.540592,524,30,ok
2026-06-12T02:56:59.058673,525,30,ok
2026-06-12T07:21:22.439821,525,30,ok
2026-06-12T10:15:05.906202,525,30,ok
2026-06-12T11:40:22.093998,525,30,ok
2026-06-12T14:45:36.870850,525,30,ok
2026-06-12T17:34:51.597974,525,30,ok
2026-06-12T20:01:55.358984,525,30,ok
2026-06-12T22:20:42.487248,525,30,ok
2026-06-13T00:16:18.869781,526,30,ok
2026-06-13T05:17:27.480482,526,30,ok
2026-06-13T08:51:07.670215,526,30,ok
2026-06-13T09:17:45.432432,526,30,ok
2026-06-13T11:10:55.740074,526,30,ok
2026-06-13T13:46:57.779752,526,30,ok
2026-06-13T15:29:00.707647,526,30,ok
2026-06-13T17:17:04.932110,526,30,ok
2026-06-13T19:16:17.039100,526,30,ok
2026-06-13T21:08:08.517542,526,30,ok
2026-06-13T22:59:06.059274,526,30,ok
2026-06-14T00:11:12.522172,527,30,ok
2026-06-14T05:27:35.562604,527,30,ok
2026-06-14T09:24:08.933289,527,30,ok
2026-06-14T09:35:30.370450,527,30,ok
2026-06-14T11:51:50.859510,527,30,ok
2026-06-14T13:49:33.905665,527,30,ok
2026-06-14T15:45:52.300310,527,30,ok
2026-06-14T17:14:32.126779,527,30,ok
2026-06-14T19:17:18.864981,527,30,ok
2026-06-14T21:04:50.730908,527,30,ok
2026-06-14T23:02:58.288227,527,30,ok
2026-06-15T03:34:45.613695,528,30,ok
2026-06-15T09:55:57.949489,528,30,ok
2026-06-15T12:15:34.026243,528,30,ok
2026-06-15T15:42:15.365350,528,30,ok
2026-06-15T19:42:08.831718,528,30,ok
2026-06-15T22:13:45.824638,528,30,ok
2026-06-16T00:26:36.820666,529,30,ok
2026-06-16T06:29:25.292583,529,30,ok
2026-06-16T11:11:53.554890,529,30,ok
2026-06-16T12:08:12.081788,529,30,ok
2026-06-16T17:59:48.606856,529,30,ok
2026-06-16T20:58:12.090932,529,30,ok
2026-06-16T22:53:33.029375,529,30,ok
2026-06-17T00:13:00.293765,530,30,ok
2026-06-17T06:05:57.728361,530,30,ok
2026-06-17T10:57:41.409304,530,30,ok
2026-06-17T11:43:11.793108,530,30,ok
2026-06-17T15:00:18.220044,530,30,ok
2026-06-17T17:51:15.583866,530,30,ok
2026-06-17T20:06:03.848851,530,30,ok
2026-06-17T22:43:10.469976,530,30,ok
2026-06-18T00:13:13.081335,531,30,ok
2026-06-18T05:51:42.540151,531,30,ok
2026-06-18T10:12:44.100503,531,30,ok
2026-06-18T10:21:27.707422,531,30,ok
2026-06-18T14:00:36.420626,531,30,ok
2026-06-18T17:19:29.601577,531,30,ok
2026-06-18T20:16:30.037361,531,30,ok
2026-06-18T22:54:11.140548,531,30,ok
2026-06-19T00:22:03.718505,532,30,ok
2026-06-19T06:11:39.413400,532,30,ok
2026-06-19T10:27:11.858604,532,30,ok
2026-06-19T11:16:41.944367,532,30,ok
2026-06-19T14:51:23.359545,532,30,ok
2026-06-19T17:13:38.630580,532,30,ok
2026-06-19T19:41:25.702205,532,30,ok
2026-06-19T21:04:18.023585,532,30,ok
2026-06-19T22:50:18.763500,532,30,ok
2026-06-20T00:04:20.779184,533,30,ok
2026-06-20T05:07:48.705127,533,30,ok
2026-06-20T08:46:34.486221,533,30,ok
2026-06-20T08:57:42.157820,533,30,ok
2026-06-20T11:12:00.810638,533,30,ok
2026-06-20T13:48:31.551309,533,30,ok
2026-06-20T15:42:36.119794,533,30,ok
2026-06-20T17:20:30.497032,533,30,ok
2026-06-20T19:16:24.239107,533,30,ok
2026-06-20T21:10:08.911300,533,30,ok
2026-06-20T23:02:12.645602,533,30,ok
2026-06-21T03:30:37.075664,534,30,ok
2026-06-21T08:23:35.551448,534,30,ok
2026-06-21T09:51:33.675262,534,30,ok
2026-06-21T11:41:11.446000,534,30,ok
2026-06-21T13:56:07.458656,534,30,ok
2026-06-21T15:49:04.056600,534,30,ok
2026-06-21T17:23:22.794323,534,30,ok
2026-06-21T19:22:11.000204,534,30,ok
2026-06-21T21:08:25.923364,534,30,ok
2026-06-21T23:06:10.714661,534,30,ok
2026-06-22T03:35:42.006663,535,30,ok
2026-06-22T09:43:09.445113,535,30,ok
2026-06-22T11:55:49.775283,535,30,ok
2026-06-22T15:18:24.511627,535,30,ok
2026-06-22T19:21:15.680054,535,30,ok
2026-06-22T21:58:18.682011,535,30,ok
2026-06-22T23:21:25.753524,535,30,ok
2026-06-23T02:41:46.565817,536,30,ok
2026-06-23T06:44:19.745662,536,30,ok
2026-06-23T09:40:13.960524,536,30,ok
2026-06-23T10:32:44.523343,536,30,ok
2026-06-23T13:40:55.895790,536,30,ok
2026-06-23T16:24:29.221453,536,30,ok
2026-06-23T19:06:39.844241,536,30,ok
2026-06-23T21:27:23.475938,536,30,ok
2026-06-23T23:03:40.248045,536,30,ok
2026-06-24T02:42:21.944617,537,30,ok
2026-06-24T06:41:35.266639,537,30,ok
2026-06-24T09:30:53.901991,537,30,ok
2026-06-24T10:17:28.527770,537,30,ok
2026-06-24T13:15:08.508409,537,30,ok
2026-06-24T16:13:24.800152,537,30,ok
2026-06-24T18:47:55.892991,537,30,ok
2026-06-24T20:44:05.006720,537,30,ok
2026-06-24T22:12:05.838724,537,30,ok
2026-06-25T00:04:12.649860,538,30,ok
2026-06-25T04:59:46.863085,538,30,ok
2026-06-25T08:26:20.714446,538,30,ok
2026-06-25T09:22:33.045630,538,30,ok
2026-06-25T11:35:52.898421,538,30,ok
2026-06-25T14:12:57.549132,538,30,ok
2026-06-25T17:07:23.087943,538,30,ok
2026-06-25T19:50:34.274432,538,30,ok
2026-06-25T21:26:31.104732,538,30,ok
2026-06-25T23:12:06.014402,538,30,ok
2026-06-26T02:47:00.467539,539,30,ok
2026-06-26T06:49:59.662436,539,30,ok
2026-06-26T09:28:21.827910,539,30,ok
2026-06-26T10:18:56.937628,539,30,ok
2026-06-26T13:06:42.349721,539,30,ok
2026-06-26T16:11:09.718878,539,30,ok
2026-06-26T18:26:32.506326,539,30,ok
2026-06-26T20:42:56.462571,539,30,ok
2026-06-26T22:07:09.468353,539,30,ok
2026-06-27T00:00:08.215552,540,30,ok
2026-06-27T04:01:26.724538,540,30,ok
2026-06-27T07:44:34.928225,540,30,ok
2026-06-27T08:36:45.770203,540,30,ok
2026-06-27T09:59:47.314023,540,30,ok
2026-06-27T11:39:32.820089,540,30,ok
2026-06-27T13:20:35.117655,540,30,ok
2026-06-27T15:12:19.845639,540,30,ok
2026-06-27T17:03:47.066046,540,30,ok
2026-06-27T20:54:52.273207,540,30,ok
2026-06-27T21:58:39.526141,540,30,ok
2026-06-27T23:04:14.601841,540,30,ok
2026-06-28T02:52:19.591535,541,30,ok
2026-06-28T06:59:02.341750,541,30,ok
2026-06-28T08:52:33.276953,541,30,ok
2026-06-28T10:05:22.679215,541,30,ok
2026-06-28T12:13:59.925944,541,30,ok
2026-06-28T14:45:01.623807,541,30,ok
2026-06-28T16:05:45.625622,541,30,ok
2026-06-28T18:01:08.686871,541,30,ok
2026-06-28T20:09:06.706981,541,30,ok
2026-06-28T21:58:24.869169,541,30,ok
2026-06-28T23:04:06.348452,541,30,ok
2026-06-29T02:52:40.346998,542,30,ok
2026-06-29T07:25:48.248169,542,30,ok
2026-06-29T11:00:58.143215,542,30,ok
2026-06-29T12:26:37.931582,542,30,ok
2026-06-29T16:35:54.240634,542,30,ok
2026-06-29T19:00:58.372392,542,30,ok
2026-06-29T21:20:24.544296,542,30,ok
2026-06-29T22:50:37.874297,542,30,ok
2026-06-29T23:58:16.451480,542,30,ok
2026-06-30T03:48:04.236689,543,30,ok
2026-06-30T07:47:41.965919,543,30,ok
2026-06-30T09:37:07.535940,543,30,ok
2026-06-30T10:52:08.317179,543,30,ok
2026-06-30T13:07:23.643642,543,30,ok
2026-06-30T16:19:23.986214,543,30,ok
2026-06-30T18:52:58.515815,543,30,ok
2026-06-30T20:54:40.697060,543,30,ok
2026-06-30T22:12:18.496508,543,30,ok
2026-07-01T00:02:20.340698,544,30,ok
2026-07-01T05:18:03.786927,544,30,ok
2026-07-01T09:35:44.886876,544,30,ok
2026-07-01T09:47:59.584360,544,30,ok
2026-07-01T12:30:07.488775,544,30,ok
2026-07-01T15:37:13.952750,544,30,ok
2026-07-01T17:49:38.528575,544,30,ok
2026-07-01T19:44:48.741226,544,30,ok
2026-07-01T21:22:18.300184,544,30,ok
2026-07-01T23:07:45.421649,544,30,ok
2026-07-02T02:42:29.406296,545,30,ok
2026-07-02T06:35:43.249193,545,30,ok
2026-07-02T08:57:25.966082,545,30,ok
2026-07-02T09:56:40.982535,545,30,ok
2026-07-02T12:07:44.971286,545,30,ok
2026-07-02T15:10:08.083862,545,30,ok
2026-07-02T17:40:25.373559,545,30,ok
2026-07-02T19:15:47.775863,545,30,ok
2026-07-02T20:58:14.309048,545,30,ok
2026-07-02T22:08:03.683288,545,30,ok
2026-07-03T00:00:21.778833,546,30,ok
2026-07-03T06:57:24.907026,546,30,ok
2026-07-03T09:18:53.303576,546,30,ok
2026-07-03T09:57:25.049303,546,30,ok
2026-07-03T12:08:42.853961,546,30,ok
2026-07-03T15:05:33.327285,546,30,ok
2026-07-03T17:18:27.941906,546,30,ok
2026-07-03T19:10:14.476967,546,30,ok
2026-07-03T20:57:37.944069,546,30,ok
2026-07-03T22:04:08.654525,546,30,ok
2026-07-04T03:34:06.285562,547,30,ok
2026-07-04T06:42:50.559664,547,30,ok
2026-07-04T08:37:46.034624,547,30,ok
2026-07-04T09:18:03.818568,547,30,ok
2026-07-04T11:21:40.498316,547,30,ok
2026-07-04T13:10:28.245344,547,30,ok
2026-07-04T15:01:18.025258,547,30,ok
2026-07-04T16:58:03.217405,547,30,ok
2026-07-04T18:01:41.505287,547,30,ok
2026-07-04T20:05:46.805452,547,30,ok
2026-07-04T21:53:18.152023,547,30,ok
2026-07-04T22:52:53.166519,547,30,ok
2026-07-04T23:56:41.443352,547,30,ok
2026-07-05T02:48:08.977613,548,30,ok
2026-07-05T06:35:26.246020,548,30,ok
2026-07-05T08:53:24.485205,548,30,ok
2026-07-05T09:38:50.098540,548,30,ok
2026-07-05T11:26:09.395446,548,30,ok
2026-07-05T13:18:48.594148,548,30,ok
2026-07-05T15:09:20.265561,548,30,ok
2026-07-05T17:02:17.950332,548,30,ok
2026-07-05T19:07:26.787030,548,30,ok
2026-07-05T20:52:01.895586,548,30,ok
2026-07-05T21:56:23.565466,548,30,ok
2026-07-05T22:58:37.806034,548,30,ok
2026-07-06T00:09:16.812570,549,30,ok
2026-07-06T05:06:09.299453,549,30,ok
2026-07-06T10:04:49.384698,549,30,ok
2026-07-06T10:22:51.066320,549,30,ok
2026-07-06T14:22:05.531796,549,30,ok
2026-07-06T17:38:11.570483,549,30,ok
2026-07-06T19:47:54.232281,549,30,ok
2026-07-06T21:24:08.965732,549,30,ok
2026-07-06T23:01:55.082368,549,30,ok
2026-07-07T02:32:13.323987,550,30,ok
2026-07-07T06:40:26.834384,550,30,ok
2026-07-07T09:41:57.256773,550,30,ok
2026-07-07T10:21:31.967336,550,30,ok
2026-07-07T13:14:18.460533,550,30,ok
2026-07-07T16:23:48.872543,550,30,ok
2026-07-07T18:57:46.574431,550,30,ok
2026-07-07T20:49:46.206258,550,30,ok
2026-07-07T22:07:44.711088,550,30,ok
2026-07-07T23:53:24.774754,550,30,ok
2026-07-08T02:06:24.341720,551,30,ok
2026-07-08T05:45:09.545982,551,30,ok
2026-07-08T08:15:16.757562,551,30,ok
2026-07-08T08:29:14.417364,551,30,ok
2026-07-08T10:58:51.504444,551,30,ok
2026-07-08T12:22:42.353644,551,30,ok
2026-07-08T15:13:59.749525,551,30,ok
2026-07-08T17:23:46.468143,551,30,ok
2026-07-08T19:15:18.205533,551,30,ok
2026-07-08T21:00:39.825637,551,30,ok
2026-07-08T22:13:55.143454,551,30,ok
2026-07-09T00:04:29.426562,552,30,ok
2026-07-09T04:51:02.495022,552,30,ok
2026-07-09T08:22:55.164672,552,30,ok
2026-07-09T09:40:57.111233,552,30,ok
2026-07-09T11:51:28.696158,552,30,ok
2026-07-09T14:43:36.094753,552,30,ok
2026-07-09T17:16:26.092319,552,30,ok
2026-07-09T19:29:00.122627,552,30,ok
2026-07-09T21:17:33.916064,552,30,ok
2026-07-09T23:06:06.096178,552,30,ok
2026-07-10T02:26:05.764761,553,30,ok
2026-07-10T06:38:44.485154,553,30,ok
2026-07-10T09:35:42.977881,553,30,ok
2026-07-10T10:18:35.446497,553,30,ok
2026-07-10T13:08:02.509638,553,30,ok
2026-07-10T16:21:20.018169,553,30,ok
2026-07-10T18:19:21.283219,553,30,ok
2026-07-10T20:17:48.055356,553,30,ok
2026-07-10T21:56:11.498732,553,30,ok
2026-07-10T22:56:25.537521,553,30,ok
2026-07-10T23:55:05.049488,553,30,ok
2026-07-11T02:04:08.756645,554,30,ok
2026-07-11T05:34:45.867532,554,30,ok
2026-07-11T07:45:56.183060,554,30,ok
2026-07-11T07:56:16.787057,554,30,ok
2026-07-11T09:21:59.940196,554,30,ok
2026-07-11T10:59:08.457866,554,30,ok
2026-07-11T11:55:23.132264,554,30,ok
2026-07-11T13:04:45.918235,554,30,ok
2026-07-11T14:47:04.575578,554,30,ok
2026-07-11T15:49:47.534744,554,30,ok
2026-07-11T16:49:25.841067,554,30,ok
2026-07-11T17:50:34.147923,554,30,ok
2026-07-11T18:52:44.245357,554,30,ok
2026-07-11T20:02:30.786229,554,30,ok
2026-07-11T21:43:00.790107,554,30,ok
2026-07-11T22:40:51.158326,554,30,ok
2026-07-11T23:48:47.031802,554,30,ok
2026-07-12T02:07:50.908658,555,30,ok
2026-07-12T05:51:04.473149,555,30,ok
2026-07-12T08:06:46.883484,555,30,ok
2026-07-12T08:18:39.766510,555,30,ok
2026-07-12T10:21:42.262172,555,30,ok
2026-07-12T11:54:14.137184,555,30,ok
2026-07-12T14:50:44.962725,555,30,ok
2026-07-12T15:54:00.850660,555,30,ok
2026-07-12T16:53:06.239417,555,30,ok
2026-07-12T17:55:10.199747,555,30,ok
2026-07-12T18:57:27.156218,555,30,ok
2026-07-12T20:05:51.403955,555,30,ok
2026-07-12T21:42:26.724019,555,30,ok
2026-07-12T22:41:03.186600,555,30,ok
2026-07-12T23:46:32.302093,555,30,ok
2026-07-13T02:09:26.314202,556,30,ok
2026-07-13T06:09:16.259067,556,30,ok
2026-07-13T09:27:52.754163,556,30,ok
2026-07-13T10:19:13.090612,556,30,ok
2026-07-13T13:15:30.476367,556,30,ok
2026-07-13T16:25:47.178699,556,30,ok
2026-07-13T18:28:41.487223,556,30,ok
2026-07-13T20:08:41.845231,556,30,ok
2026-07-13T21:50:54.235173,556,30,ok
2026-07-13T22:50:59.342717,556,30,ok
2026-07-13T23:48:36.210000,556,30,ok
2026-07-14T01:54:49.242613,557,30,ok
2026-07-14T04:47:02.841863,557,30,ok
2026-07-14T07:07:26.107027,557,30,ok
2026-07-14T08:05:24.515364,557,30,ok
2026-07-14T09:51:39.506756,557,30,ok
2026-07-14T11:21:41.904872,557,30,ok
2026-07-14T13:19:38.438382,557,30,ok
2026-07-14T15:19:50.527942,557,30,ok
2026-07-14T17:07:54.499830,557,30,ok
2026-07-14T19:09:30.782527,557,30,ok
2026-07-14T20:54:07.851427,557,30,ok
2026-07-14T21:52:52.383788,557,30,ok
2026-07-14T22:52:42.921141,557,30,ok
2026-07-14T23:46:59.818224,557,30,ok
2026-07-15T01:51:41.673302,558,30,ok
2026-07-15T04:46:39.535221,558,30,ok
2026-07-15T07:10:29.726109,558,30,ok
2026-07-15T08:10:39.161429,558,30,ok
2026-07-15T09:55:58.191879,558,30,ok
2026-07-15T11:26:03.724252,558,30,ok
2026-07-15T13:23:20.581656,558,30,ok
2026-07-15T15:22:22.199341,558,30,ok
2026-07-15T17:10:38.163992,558,30,ok
2026-07-15T19:01:31.846860,558,30,ok
2026-07-15T20:53:27.006302,558,30,ok
2026-07-15T21:53:26.722281,558,30,ok
2026-07-15T22:53:53.460912,558,30,ok
2026-07-15T23:54:09.076748,558,30,ok
2026-07-16T02:02:13.433001,559,30,ok
2026-07-16T05:33:55.717520,559,30,ok
2026-07-16T08:02:19.055310,559,30,ok
2026-07-16T08:13:49.299949,559,30,ok
2026-07-16T10:52:52.688895,559,30,ok
2026-07-16T12:16:47.285157,559,30,ok
2026-07-16T14:55:17.286584,559,30,ok
2026-07-16T16:13:37.161575,559,30,ok
2026-07-16T18:01:05.728573,559,30,ok
2026-07-16T19:58:20.297703,559,30,ok
2026-07-16T20:59:48.838330,559,30,ok
2026-07-16T22:06:49.087429,559,30,ok
2026-07-16T23:53:34.191407,559,30,ok
2026-07-17T02:05:35.313644,560,30,ok
2026-07-17T05:35:44.151560,560,30,ok
2026-07-17T07:59:10.329069,560,30,ok
2026-07-17T08:10:08.534024,560,30,ok
2026-07-17T10:01:21.574472,560,30,ok
2026-07-17T12:04:02.625454,560,30,ok
2026-07-17T14:27:37.196233,560,30,ok
2026-07-17T16:09:43.674765,560,30,ok
2026-07-17T17:59:44.910810,560,30,ok
2026-07-17T19:17:33.154859,560,30,ok
2026-07-17T20:46:31.499867,560,30,ok
2026-07-17T21:44:53.285443,560,30,ok
2026-07-17T22:42:31.335086,560,30,ok
2026-07-17T23:46:19.044304,560,30,ok
2026-07-18T01:54:51.112164,561,30,ok
2026-07-18T04:44:32.048369,561,30,ok
2026-07-18T06:57:27.639079,561,30,ok
2026-07-18T07:50:27.333350,561,30,ok
2026-07-18T08:47:44.305099,561,30,ok
2026-07-18T10:14:09.446635,561,30,ok
2026-07-18T11:49:39.657277,561,30,ok
2026-07-18T13:00:45.518264,561,30,ok
2026-07-18T14:45:10.674206,561,30,ok
2026-07-18T15:50:27.044423,561,30,ok
2026-07-18T16:50:46.772251,561,30,ok
2026-07-18T17:51:57.389939,561,30,ok
2026-07-18T18:54:23.867883,561,30,ok
2026-07-18T20:02:02.058057,561,30,ok
2026-07-18T21:43:56.409713,561,30,ok
2026-07-18T22:42:46.816164,561,30,ok
2026-07-18T23:47:17.657352,561,30,ok
2026-07-19T02:05:48.515232,562,30,ok
2026-07-19T05:45:31.542780,562,30,ok
2026-07-19T08:06:22.784450,562,30,ok
2026-07-19T08:19:18.986287,562,30,ok
2026-07-19T10:22:00.428565,562,30,ok
2026-07-19T11:51:36.403731,562,30,ok
2026-07-19T13:03:04.244927,562,30,ok
2026-07-19T14:49:38.990247,562,30,ok
2026-07-19T15:52:00.779600,562,30,ok
2026-07-19T16:51:25.806455,562,30,ok
2026-07-19T17:53:28.406739,562,30,ok
2026-07-19T18:57:51.643155,562,30,ok
2026-07-19T20:05:59.405023,562,30,ok
2026-07-19T21:44:41.357395,562,30,ok
2026-07-19T22:44:37.736434,562,30,ok
2026-07-19T23:52:07.544340,562,30,ok
2026-07-20T03:24:03.911814,563,30,ok
2026-07-20T06:11:56.267115,563,30,ok
2026-07-20T08:58:37.447557,563,30,ok
2026-07-20T09:53:53.751960,563,30,ok
2026-07-20T12:12:09.649462,563,30,ok
2026-07-20T15:05:55.079014,563,30,ok
2026-07-20T17:31:45.573764,563,30,ok
2026-07-20T19:36:35.992402,563,30,ok
2026-07-20T21:05:22.668587,563,30,ok
2026-07-20T22:53:25.969320,563,30,ok
2026-07-20T23:52:28.774771,563,30,ok
2026-07-21T02:04:40.200871,564,30,ok
2026-07-21T05:43:59.742685,564,30,ok
2026-07-21T08:15:03.790420,564,30,ok
2026-07-21T08:29:11.921436,564,30,ok
2026-07-21T11:02:26.716326,564,30,ok
2026-07-21T13:24:47.723557,564,30,ok
2026-07-21T15:38:41.107018,564,30,ok
2026-07-21T17:10:11.453710,564,30,ok
2026-07-21T19:09:56.431457,564,30,ok
2026-07-21T21:00:48.566446,564,30,ok
2026-07-21T22:48:55.435711,564,30,ok
2026-07-21T23:52:17.824711,564,30,ok
2026-07-22T02:03:09.262324,565,30,ok
2026-07-22T05:43:09.771372,565,30,ok
2026-07-22T08:15:27.541572,565,30,ok
2026-07-22T08:29:29.839101,565,30,ok
2026-07-22T11:02:29.271001,565,30,ok
2026-07-22T13:29:08.921229,565,30,ok
2026-07-22T15:28:03.022535,565,30,ok
2026-07-22T17:10:43.557150,565,30,ok
2026-07-22T19:03:55.913656,565,30,ok
2026-07-22T20:58:57.762777,565,30,ok
2026-07-22T22:05:52.215899,565,30,ok
2026-07-22T23:57:21.123114,565,30,ok
2026-07-23T02:36:52.713030,566,30,ok
2026-07-23T05:48:02.512429,566,30,ok
2026-07-23T08:20:05.403108,566,30,ok
2026-07-23T08:30:25.995933,566,30,ok
2026-07-23T11:04:28.914801,566,30,ok
2026-07-23T13:42:02.824086,566,30,ok
2026-07-23T15:50:57.853409,566,30,ok
2026-07-23T17:13:35.376489,566,30,ok
2026-07-23T19:05:20.371814,566,30,ok
2026-07-23T20:55:54.074184,566,30,ok
2026-07-23T22:00:35.998243,566,30,ok
2026-07-23T23:04:26.281024,566,30,ok
2026-07-24T02:06:15.104034,567,30,ok
2026-07-24T05:44:12.515141,567,30,ok
2026-07-24T08:14:42.223830,567,30,ok
2026-07-24T08:27:50.210328,567,30,ok
2026-07-24T10:57:50.777996,567,30,ok
2026-07-24T12:18:54.010532,567,30,ok
2026-07-24T14:49:37.338779,567,30,ok
2026-07-24T16:35:07.644916,567,30,ok
2026-07-24T18:14:21.352851,567,30,ok
2026-07-24T20:15:33.813335,567,30,ok
2026-07-24T21:59:41.748530,567,30,ok
2026-07-24T23:05:40.441860,567,30,ok
2026-07-25T02:05:22.631955,568,30,ok
2026-07-25T05:38:15.262600,568,30,ok
2026-07-25T07:57:07.918281,568,30,ok
2026-07-25T08:06:48.229170,568,30,ok
2026-07-25T09:44:30.355281,568,30,ok
2026-07-25T11:04:59.563081,568,30,ok
2026-07-25T13:11:19.699439,568,30,ok
2026-07-25T14:57:42.477253,568,30,ok
2026-07-25T16:03:47.465459,568,30,ok
2026-07-25T17:54:11.075312,568,30,ok
2026-07-25T18:58:52.248707,568,30,ok
2026-07-25T20:12:28.602308,568,30,ok
2026-07-25T21:48:39.948535,568,30,ok
2026-07-25T22:47:35.451957,568,30,ok
2026-07-25T23:54:46.007831,568,30,ok
2026-07-26T02:10:13.106887,569,30,ok
2026-07-26T05:54:42.037803,569,30,ok
2026-07-26T08:14:58.536129,569,30,ok
2026-07-26T08:26:32.146121,569,30,ok
2026-07-26T10:39:42.841357,569,30,ok
2026-07-26T11:58:20.612062,569,30,ok
2026-07-26T13:24:11.419241,569,30,ok
2026-07-26T14:59:20.182007,569,30,ok
2026-07-26T16:04:14.876698,569,30,ok
2026-07-26T17:57:51.425669,569,30,ok
2026-07-26T19:09:23.300866,569,30,ok
2026-07-26T20:50:12.151018,569,30,ok
2026-07-26T21:53:29.606391,569,30,ok
2026-07-26T22:54:31.393332,569,30,ok
2026-07-26T23:55:13.254791,569,30,ok
2026-07-27T02:23:36.544377,570,30,ok
2026-07-27T06:22:41.714944,570,30,ok
2026-07-27T09:52:27.131172,570,30,ok
2026-07-27T10:36:15.804807,570,30,ok
2026-07-27T13:35:12.749483,570,30,ok
2026-07-27T16:11:45.187608,570,30,ok
2026-07-27T18:21:00.034662,570,30,ok
2026-07-27T20:17:48.780052,570,30,ok
2026-07-27T22:00:08.092216,570,30,ok
2026-07-27T23:10:38.439333,570,30,ok
2026-07-28T01:58:37.803873,571,30,ok
2026-07-28T05:16:57.674465,571,30,ok
2026-07-28T08:23:23.722444,571,30,ok
2026-07-28T08:34:29.536238,571,30,ok
2026-07-28T11:11:40.323351,571,30,ok
2026-07-28T13:50:15.476191,571,30,ok
2026-07-28T16:01:15.038965,571,30,ok
2026-07-28T18:08:26.756894,571,30,ok
2026-07-28T20:12:14.094327,571,30,ok
2026-07-28T21:58:03.923404,571,30,ok
2026-07-28T22:59:19.786108,571,30,ok
2026-07-29T00:00:23.065118,572,30,ok
2026-07-29T03:19:17.514370,572,30,ok
2026-07-29T06:26:08.835638,572,30,ok
2026-07-29T08:40:49.205938,572,30,ok
2026-07-29T09:34:02.008055,572,30,ok
2026-07-29T11:57:28.420595,572,30,ok
2026-07-29T14:06:49.357105,572,30,ok
2026-07-29T16:17:14.360533,572,30,ok
2026-07-29T18:03:01.417899,572,30,ok
2026-07-29T20:08:40.931035,572,30,ok
2026-07-29T21:54:36.786690,572,30,ok
2026-07-29T22:55:57.354814,572,30,ok
2026-07-29T23:57:08.184683,572,30,ok
2026-07-30T02:10:02.426010,573,30,ok
2026-07-30T05:34:13.381893,573,30,ok
2026-07-30T08:13:38.111193,573,30,ok
2026-07-30T08:27:01.751047,573,30,ok
2026-07-30T11:01:34.221266,573,30,ok
2026-07-30T13:45:02.726131,573,30,ok
2026-07-30T15:47:13.555396,573,30,ok
2026-07-30T17:19:41.023086,573,30,ok
2026-07-30T19:16:13.845258,573,30,ok
2026-07-30T21:01:08.461668,573,30,ok
2026-07-30T22:59:03.725135,573,30,ok
2026-07-31T00:04:51.041821,574,30,ok
2026-07-31T04:18:18.795100,574,30,ok
2026-07-31T07:46:44.624246,574,30,ok
2026-07-31T08:49:44.966088,574,30,ok
2026-07-31T10:31:47.741768,574,30,ok
2026-07-31T12:51:41.692387,574,30,ok
2026-07-31T15:14:23.057761,574,30,ok
2026-07-31T17:23:04.173549,574,30,ok
2026-07-31T19:15:12.267065,574,30,ok
2026-07-31T20:58:11.721456,574,30,ok
2026-07-31T22:06:19.703902,574,30,ok
2026-07-31T23:56:43.844557,574,30,ok
2026-08-01T02:26:15.839555,575,30,ok
2026-08-01T05:49:44.931189,575,30,ok
2026-08-01T08:10:20.543103,575,30,ok
2026-08-01T08:21:12.785635,575,30,ok
2026-08-01T10:30:28.422910,575,30,ok
2026-08-01T11:58:31.364126,575,30,ok
2026-08-01T13:23:55.305551,575,30,ok
2026-08-01T14:55:24.088036,575,30,ok
2026-08-01T15:56:25.261150,575,30,ok
2026-08-01T16:55:31.118542,575,30,ok
2026-08-01T17:56:39.609985,575,30,ok
2026-08-01T19:03:52.043257,575,30,ok
2026-08-01T20:42:49.841394,575,30,ok
2026-08-01T21:48:42.334969,575,30,ok
2026-08-01T22:48:04.762668,575,30,ok
2026-08-01T23:52:12.128425,575,30,ok
2026-08-02T02:09:03.342872,576,30,ok
2026-08-02T05:50:26.736027,576,30,ok
2026-08-02T08:11:50.889816,576,30,ok
2026-08-02T08:24:17.790491,576,30,ok
2026-08-02T10:28:52.308066,576,30,ok
2026-08-02T11:57:20.970484,576,30,ok
2026-08-02T13:17:16.234448,576,30,ok
2026-08-02T14:57:01.102752,576,30,ok
2026-08-02T15:59:00.041160,576,30,ok
2026-08-02T17:02:03.733450,576,30,ok
2026-08-02T19:00:40.653033,576,30,ok
2026-08-02T20:46:21.891051,576,30,ok
2026-08-02T21:49:22.357053,576,30,ok
2026-08-02T22:49:58.542131,576,30,ok
2026-08-02T23:53:14.599354,576,30,ok
2026-08-03T02:11:14.769066,577,30,ok
2026-08-03T06:14:35.365359,577,30,ok
2026-08-03T09:45:31.125213,577,30,ok
2026-08-03T10:36:30.987965,577,30,ok
2026-08-03T13:35:41.834477,577,30,ok
2026-08-03T16:17:39.417553,577,30,ok
2026-08-03T18:45:51.491688,577,30,ok
2026-08-03T20:22:36.053981,577,30,ok
2026-08-03T22:02:19.456897,577,30,ok
2026-08-04T00:03:02.877180,578,30,ok
2026-08-04T04:07:40.956503,578,30,ok
2026-08-04T07:32:54.885579,578,30,ok
2026-08-04T08:36:32.114695,578,30,ok
2026-08-04T10:31:01.829228,578,30,ok
2026-08-04T12:55:03.081459,578,30,ok
2026-08-04T15:20:54.463246,578,30,ok
2026-08-04T17:39:00.867950,578,30,ok
2026-08-04T19:22:26.189671,578,30,ok
2026-08-04T21:05:12.560519,578,30,ok
2026-08-04T22:56:55.577981,578,30,ok
2026-08-05T02:55:35.864955,579,30,ok
2026-08-05T05:40:58.477876,579,30,ok
2026-08-05T08:26:10.176690,579,30,ok
2026-08-05T08:35:46.185383,579,30,ok
2026-08-05T11:15:21.383553,579,30,ok
2026-08-05T13:52:40.460472,579,30,ok
2026-08-05T15:57:58.751344,579,30,ok
2026-08-05T17:37:20.224640,579,30,ok
2026-08-05T19:20:59.446476,579,30,ok
2026-08-05T21:01:18.000553,579,30,ok
2026-08-05T22:52:46.725297,579,30,ok
2026-08-05T23:54:41.059352,579,30,ok
2026-08-06T01:59:43.863250,580,30,ok
2026-08-06T05:21:38.929200,580,30,ok
2026-08-06T08:23:48.659218,580,30,ok
2026-08-06T08:35:49.577522,580,30,ok
2026-08-06T11:14:57.620485,580,30,ok
2026-08-06T13:50:19.534699,580,30,ok
2026-08-07T00:37:45.665066,581,30,ok
2026-08-07T03:45:31.345941,581,30,ok
2026-08-07T05:30:42.994239,581,30,ok
2026-08-07T07:04:47.848111,581,30,ok
2026-08-07T07:15:30.166673,581,30,ok
2026-08-07T08:51:07.689463,581,30,ok
2026-08-07T09:55:09.252312,581,30,ok
2026-08-07T10:46:17.432705,581,30,ok
2026-08-07T11:40:16.148564,581,30,ok
2026-08-07T12:48:36.579413,581,30,ok
2026-08-07T14:07:55.836430,581,30,ok
2026-08-07T15:50:18.981464,581,30,ok
2026-08-07T16:46:24.978324,581,30,ok
2026-08-07T17:43:11.583645,581,30,ok
2026-08-07T18:45:19.381765,581,30,ok
2026-08-07T19:47:47.996772,581,30,ok
2026-08-07T20:34:00.070084,581,30,ok
2026-08-07T21:33:14.484674,581,30,ok
2026-08-07T22:28:43.985251,581,30,ok
2026-08-07T23:28:03.228808,581,30,ok
2026-08-08T01:07:48.022775,582,30,ok
2026-08-08T03:19:36.577880,582,30,ok
2026-08-08T04:50:37.519821,582,30,ok
2026-08-08T05:37:29.492643,582,30,ok
2026-08-08T06:40:31.588654,582,30,ok
2026-08-08T06:53:00.532177,582,30,ok
2026-08-08T07:43:23.110021,582,30,ok
2026-08-08T08:33:00.440348,582,30,ok
2026-08-08T09:30:59.170393,582,30,ok
2026-08-08T10:24:52.114537,582,30,ok
2026-08-08T11:22:15.541587,582,30,ok
2026-08-08T12:34:27.518585,582,30,ok
2026-08-08T13:40:38.706847,582,30,ok
2026-08-08T14:25:43.677288,582,30,ok
2026-08-08T15:22:58.795995,582,30,ok
2026-08-08T16:25:09.133685,582,30,ok
2026-08-08T17:23:39.226057,582,30,ok
2026-08-08T18:27:26.686916,582,30,ok
2026-08-08T19:23:56.992721,582,30,ok
2026-08-08T20:21:29.651133,582,30,ok
2026-08-08T21:23:34.582230,582,30,ok
2026-08-08T22:22:00.654660,582,30,ok
2026-08-08T23:21:44.276360,582,30,ok
2026-08-09T01:12:37.409001,583,30,ok
2026-08-09T03:27:56.549081,583,30,ok
2026-08-09T04:58:23.595908,583,30,ok
2026-08-09T05:47:28.406786,583,30,ok
2026-08-09T06:44:06.269507,583,30,ok
2026-08-09T06:56:39.351114,583,30,ok
2026-08-09T07:49:00.680256,583,30,ok
2026-08-09T08:34:39.978626,583,30,ok
2026-08-09T09:33:07.480562,583,30,ok
2026-08-09T10:26:36.798749,583,30,ok
2026-08-09T11:22:50.096816,583,30,ok
2026-08-09T12:37:19.589462,583,30,ok
2026-08-09T13:43:53.385200,583,30,ok
2026-08-09T14:28:23.593870,583,30,ok
2026-08-09T15:24:30.079236,583,30,ok
2026-08-09T16:26:35.869062,583,30,ok
2026-08-09T17:25:02.353623,583,30,ok
2026-08-09T18:31:03.817380,583,30,ok
2026-08-09T19:27:45.070799,583,30,ok
2026-08-09T20:24:16.682322,583,30,ok
2026-08-09T21:25:02.991987,583,30,ok
2026-08-09T22:23:15.096095,583,30,ok
2026-08-09T23:24:26.293024,583,30,ok
2026-08-10T01:14:36.730096,584,30,ok
2026-08-10T03:47:51.276776,584,30,ok
2026-08-10T05:20:18.584764,584,30,ok
2026-08-10T07:18:57.910357,584,30,ok
2026-08-10T07:41:23.023552,584,30,ok
2026-08-10T09:12:34.421305,584,30,ok
2026-08-10T11:01:58.475603,584,30,ok
2026-08-10T12:54:14.797998,584,30,ok
2026-08-10T14:17:03.911566,584,30,ok
2026-08-10T15:54:30.757712,584,30,ok
2026-08-10T16:47:31.589567,584,30,ok
2026-08-10T17:46:07.926784,584,30,ok
2026-08-10T18:47:41.081134,584,30,ok
2026-08-10T19:51:06.243040,584,30,ok
2026-08-10T20:35:06.780554,584,30,ok
2026-08-10T21:35:18.252426,584,30,ok
2026-08-10T22:30:32.963276,584,30,ok
2026-08-10T23:28:20.818924,584,30,ok
2026-08-11T01:13:12.887733,585,30,ok
2026-08-11T05:01:13.946211,585,30,ok
2026-08-11T06:55:37.169043,585,30,ok
2026-08-11T07:07:31.324459,585,30,ok
2026-08-11T08:06:54.106655,585,30,ok
2026-08-11T09:54:55.963610,585,30,ok
2026-08-11T10:44:47.326439,585,30,ok
2026-08-11T11:39:46.807659,585,30,ok
2026-08-11T12:49:40.660027,585,30,ok
2026-08-11T14:15:49.503852,585,30,ok
2026-08-11T15:54:57.631174,585,30,ok
2026-08-11T16:52:25.683814,585,30,ok
2026-08-11T17:53:26.736425,585,30,ok
2026-08-11T18:54:03.750399,585,30,ok
2026-08-11T19:57:53.378799,585,30,ok
2026-08-11T20:42:33.656335,585,30,ok
2026-08-11T21:39:40.769000,585,30,ok
2026-08-11T22:35:17.329583,585,30,ok
2026-08-11T23:33:38.816872,585,30,ok
2026-08-12T01:21:00.723476,586,30,ok
2026-08-12T04:00:45.817697,586,30,ok
2026-08-12T05:42:09.676432,586,30,ok
2026-08-12T07:15:25.059923,586,30,ok
2026-08-12T07:24:35.135034,586,30,ok
2026-08-12T09:06:18.729333,586,30,ok
2026-08-12T10:55:53.420314,586,30,ok
2026-08-12T11:42:20.927850,586,30,ok
2026-08-12T12:54:46.624078,586,30,ok
2026-08-12T14:17:38.283193,586,30,ok
2026-08-12T15:54:06.164534,586,30,ok
2026-08-12T16:51:48.082317,586,30,ok
2026-08-12T17:53:55.330741,586,30,ok
2026-08-12T18:53:49.148712,586,30,ok
2026-08-12T19:58:29.114743,586,30,ok
2026-08-12T20:46:22.602778,586,30,ok
2026-08-12T21:38:36.519719,586,30,ok
2026-08-12T22:33:47.229366,586,30,ok
2026-08-12T23:34:35.066066,586,30,ok
2026-08-13T01:22:27.287680,587,30,ok
2026-08-13T04:05:13.247787,587,30,ok
2026-08-13T06:11:54.266451,587,30,ok
2026-08-13T07:26:57.378283,587,30,ok
2026-08-13T08:14:47.802278,587,30,ok
2026-08-13T09:57:23.650615,587,30,ok
2026-08-13T10:59:42.512944,587,30,ok
2026-08-13T11:51:46.377092,587,30,ok
2026-08-13T12:56:07.851245,587,30,ok
2026-08-13T14:19:52.970692,587,30,ok
2026-08-13T15:53:29.954166,587,30,ok
2026-08-13T16:50:26.338109,587,30,ok
2026-08-13T17:53:05.565630,587,30,ok
2026-08-13T18:54:38.759086,587,30,ok
2026-08-13T19:53:31.107408,587,30,ok
2026-08-13T20:35:23.358910,587,30,ok
2026-08-13T21:38:19.472350,587,30,ok
2026-08-13T22:34:49.052243,587,30,ok
2026-08-13T23:34:50.836589,587,30,ok
2026-08-14T01:22:01.847554,588,30,ok
2026-08-14T04:00:37.702912,588,30,ok
2026-08-14T06:08:38.749196,588,30,ok
2026-08-14T07:24:12.716759,588,30,ok
2026-08-14T08:09:25.515826,588,30,ok
2026-08-14T09:54:14.602603,588,30,ok
2026-08-14T10:52:47.804737,588,30,ok
2026-08-14T11:39:38.114653,588,30,ok
2026-08-14T12:51:41.267609,588,30,ok
2026-08-14T14:12:12.623704,588,30,ok
2026-08-14T15:44:17.924737,588,30,ok
2026-08-14T16:43:45.397354,588,30,ok
2026-08-14T17:47:09.321425,588,30,ok
2026-08-14T18:43:56.640265,588,30,ok
2026-08-14T19:43:43.322430,588,30,ok
2026-08-14T20:24:44.580854,588,30,ok
2026-08-14T21:19:27.846168,588,30,ok
2026-08-14T22:16:09.829805,588,30,ok
2026-08-14T23:15:51.950387,588,30,ok
2026-08-15T00:53:07.744090,589,30,ok
2026-08-15T02:10:46.392451,589,30,ok
2026-08-15T03:33:28.466201,589,30,ok
2026-08-15T04:23:01.114302,589,30,ok
2026-08-15T05:19:15.941181,589,30,ok
2026-08-15T06:26:27.807911,589,30,ok
2026-08-15T06:37:32.475618,589,30,ok
2026-08-15T07:24:45.784117,589,30,ok
2026-08-15T08:20:16.426896,589,30,ok
2026-08-15T09:19:51.974370,589,30,ok
2026-08-15T10:16:24.229943,589,30,ok
2026-08-15T11:14:08.904100,589,30,ok
2026-08-15T12:24:37.633883,589,30,ok
2026-08-15T13:25:26.864460,589,30,ok
2026-08-15T14:16:01.406065,589,30,ok
2026-08-15T15:14:03.387529,589,30,ok
2026-08-15T16:16:38.296251,589,30,ok
2026-08-15T17:14:49.759384,589,30,ok
2026-08-15T18:19:21.905475,589,30,ok
2026-08-15T19:17:03.390877,589,30,ok
2026-08-15T20:15:13.626174,589,30,ok
2026-08-15T21:15:05.590404,589,30,ok
2026-08-15T22:14:04.836582,589,30,ok
2026-08-15T23:14:11.720677,589,30,ok
2026-08-16T00:55:41.504963,590,30,ok
2026-08-16T02:19:11.032279,590,30,ok
2026-08-16T03:42:18.047807,590,30,ok
2026-08-16T04:29:24.463980,590,30,ok
2026-08-16T05:21:39.366156,590,30,ok
2026-08-16T06:28:38.771641,590,30,ok
2026-08-16T06:39:41.344798,590,30,ok
2026-08-16T07:25:29.019688,590,30,ok
2026-08-16T08:21:10.657040,590,30,ok
2026-08-16T09:20:45.713813,590,30,ok
2026-08-16T10:16:44.144612,590,30,ok
2026-08-16T11:14:42.632320,590,30,ok
2026-08-16T12:26:12.167984,590,30,ok
2026-08-16T13:26:00.289738,590,30,ok
2026-08-16T14:16:09.499027,590,30,ok
2026-08-16T15:15:00.268416,590,30,ok
2026-08-16T16:17:17.581671,590,30,ok
2026-08-16T17:14:13.873962,590,30,ok
2026-08-16T18:19:12.546628,590,30,ok
2026-08-16T19:16:35.039986,590,30,ok
2026-08-16T20:14:43.586248,590,30,ok
2026-08-16T21:14:09.660477,590,30,ok
2026-08-16T22:14:11.454576,590,30,ok
2026-08-16T23:14:04.574903,590,30,ok
2026-08-17T00:53:54.498522,591,30,ok
2026-08-17T02:17:14.493035,591,30,ok
2026-08-17T03:43:44.994905,591,30,ok
2026-08-17T04:34:49.244901,591,30,ok
2026-08-17T05:29:55.424376,591,30,ok
2026-08-17T06:40:41.950244,591,30,ok
2026-08-17T06:55:15.095410,591,30,ok
2026-08-17T07:46:57.097043,591,30,ok
2026-08-17T08:35:36.296315,591,30,ok
2026-08-17T09:34:26.334359,591,30,ok
2026-08-17T10:25:47.299612,591,30,ok
2026-08-17T11:19:30.249520,591,30,ok
2026-08-17T12:30:53.058352,591,30,ok
2026-08-17T13:34:42.832068,591,30,ok
2026-08-17T14:21:22.166440,591,30,ok
2026-08-17T15:19:38.255456,591,30,ok
2026-08-17T16:20:05.167108,591,30,ok
2026-08-17T17:21:31.769622,591,30,ok
2026-08-17T18:30:29.310038,591,30,ok
2026-08-17T19:22:30.025210,591,30,ok
2026-08-17T20:19:08.448808,591,30,ok
2026-08-17T21:22:00.620902,591,30,ok
2026-08-17T22:17:43.116413,591,30,ok
2026-08-17T23:16:55.022563,591,30,ok
2026-08-18T00:52:28.260411,592,30,ok
2026-08-18T02:12:34.296588,592,30,ok
2026-08-18T03:39:12.716241,592,30,ok
2026-08-18T04:29:10.126315,592,30,ok
2026-08-18T05:22:47.514378,592,30,ok
2026-08-18T06:32:16.408282,592,30,ok
2026-08-18T06:42:17.233743,592,30,ok
2026-08-18T07:32:16.976159,592,30,ok
2026-08-18T08:28:14.974222,592,30,ok
2026-08-18T09:25:58.645848,592,30,ok
2026-08-18T10:21:20.687753,592,30,ok
2026-08-18T11:19:24.242568,592,30,ok
2026-08-18T12:32:47.619563,592,30,ok
2026-08-18T13:37:01.257258,592,30,ok
2026-08-18T14:26:44.167923,592,30,ok
2026-08-18T15:24:45.069940,592,30,ok
2026-08-18T16:23:30.400150,592,30,ok
2026-08-18T17:21:09.122669,592,30,ok
2026-08-18T18:28:12.806791,592,30,ok
2026-08-18T19:22:39.946745,592,30,ok
2026-08-18T20:16:09.074905,592,30,ok
2026-08-18T21:17:17.845921,592,30,ok
2026-08-18T22:15:58.689878,592,30,ok
2026-08-18T23:16:11.480683,592,30,ok
2026-08-19T00:53:13.464568,593,30,ok
2026-08-19T02:15:22.056768,593,30,ok
2026-08-19T03:40:30.947836,593,30,ok
2026-08-19T04:31:03.842947,593,30,ok
2026-08-19T05:23:36.411293,593,30,ok
2026-08-19T06:33:12.102779,593,30,ok
2026-08-19T06:42:41.076993,593,30,ok
2026-08-19T07:32:32.629474,593,30,ok
2026-08-19T08:29:11.315433,593,30,ok
2026-08-19T09:26:48.496717,593,30,ok
2026-08-19T10:21:50.103834,593,30,ok
2026-08-19T11:19:21.361817,593,30,ok
2026-08-19T12:33:42.526551,593,30,ok
2026-08-19T13:39:10.679986,593,30,ok
2026-08-19T14:26:07.621729,593,30,ok
2026-08-19T15:24:25.297058,593,30,ok
2026-08-19T16:23:29.403109,593,30,ok
